Year,Data_subsample,Time_resolution,Confidence_interval,Externality,Damages_model,Marginal_or_average,Value
2011,Full dataset,Intra-day,P2.5,Climate,AP2,Marginal,20495978
2011,Full dataset,Intra-day,P2.5,Health,AP2,Marginal,9437236
2011,Full dataset,Intra-day,P2.5,Capacity,AP2,Marginal,27397856
2011,Full dataset,Intra-day,P2.5,Capacity,AP2,Average,27397856
2011,Full dataset,Intra-day,P2.5,Capacity,EASIUR,Marginal,27397856
2011,Full dataset,Intra-day,P2.5,Capacity,EASIUR,Average,27397856
2011,Full dataset,Intra-day,Mean,Climate,AP2,Marginal,26376213
2011,Full dataset,Intra-day,Mean,Health,AP2,Marginal,12132004
2011,Full dataset,Intra-day,Mean,Capacity,AP2,Marginal,34632769
2011,Full dataset,Intra-day,Mean,Capacity,AP2,Average,34632769
2011,Full dataset,Intra-day,Mean,Capacity,EASIUR,Marginal,34632769
2011,Full dataset,Intra-day,Mean,Capacity,EASIUR,Average,34632769
2011,Full dataset,Intra-day,P97.5,Climate,AP2,Marginal,32410501
2011,Full dataset,Intra-day,P97.5,Health,AP2,Marginal,14897520
2011,Full dataset,Intra-day,P97.5,Capacity,AP2,Marginal,42063092
2011,Full dataset,Intra-day,P97.5,Capacity,AP2,Average,42063092
2011,Full dataset,Intra-day,P97.5,Capacity,EASIUR,Marginal,42063092
2011,Full dataset,Intra-day,P97.5,Capacity,EASIUR,Average,42063092
2011,Full dataset,Time-invariant,P2.5,Climate,AP2,Marginal,20911205
2011,Full dataset,Time-invariant,P2.5,Health,AP2,Marginal,9553420
2011,Full dataset,Time-invariant,P2.5,Capacity,AP2,Marginal,24556222
2011,Full dataset,Time-invariant,P2.5,Capacity,AP2,Average,24556222
2011,Full dataset,Time-invariant,P2.5,Capacity,EASIUR,Marginal,24556222
2011,Full dataset,Time-invariant,P2.5,Capacity,EASIUR,Average,24556222
2011,Full dataset,Time-invariant,Mean,Climate,AP2,Marginal,25910513
2011,Full dataset,Time-invariant,Mean,Health,AP2,Marginal,11837387
2011,Full dataset,Time-invariant,Mean,Capacity,AP2,Marginal,30426955
2011,Full dataset,Time-invariant,Mean,Capacity,AP2,Average,30426955
2011,Full dataset,Time-invariant,Mean,Capacity,EASIUR,Marginal,30426955
2011,Full dataset,Time-invariant,Mean,Capacity,EASIUR,Average,30426955
2011,Full dataset,Time-invariant,P97.5,Climate,AP2,Marginal,31020564
2011,Full dataset,Time-invariant,P97.5,Health,AP2,Marginal,14171947
2011,Full dataset,Time-invariant,P97.5,Capacity,AP2,Marginal,36427735
2011,Full dataset,Time-invariant,P97.5,Capacity,AP2,Average,36427735
2011,Full dataset,Time-invariant,P97.5,Capacity,EASIUR,Marginal,36427735
2011,Full dataset,Time-invariant,P97.5,Capacity,EASIUR,Average,36427735
2011,Summer,Intra-day,P2.5,Climate,AP2,Marginal,7792253
2011,Summer,Intra-day,P2.5,Health,AP2,Marginal,3663431
2011,Summer,Intra-day,P2.5,Capacity,AP2,Marginal,34135110
2011,Summer,Intra-day,P2.5,Capacity,AP2,Average,34135110
2011,Summer,Intra-day,P2.5,Capacity,EASIUR,Marginal,34135110
2011,Summer,Intra-day,P2.5,Capacity,EASIUR,Average,34135110
2011,Summer,Intra-day,Mean,Climate,AP2,Marginal,10570700
2011,Summer,Intra-day,Mean,Health,AP2,Marginal,4960001
2011,Summer,Intra-day,Mean,Capacity,AP2,Marginal,45211557
2011,Summer,Intra-day,Mean,Capacity,AP2,Average,45211557
2011,Summer,Intra-day,Mean,Capacity,EASIUR,Marginal,45211557
2011,Summer,Intra-day,Mean,Capacity,EASIUR,Average,45211557
2011,Summer,Intra-day,P97.5,Climate,AP2,Marginal,13447294
2011,Summer,Intra-day,P97.5,Health,AP2,Marginal,6302471
2011,Summer,Intra-day,P97.5,Capacity,AP2,Marginal,56688065
2011,Summer,Intra-day,P97.5,Capacity,AP2,Average,56688065
2011,Summer,Intra-day,P97.5,Capacity,EASIUR,Marginal,56688065
2011,Summer,Intra-day,P97.5,Capacity,EASIUR,Average,56688065
2011,Summer,Time-invariant,P2.5,Climate,AP2,Marginal,7853064
2011,Summer,Time-invariant,P2.5,Health,AP2,Marginal,3651996
2011,Summer,Time-invariant,P2.5,Capacity,AP2,Marginal,30079504
2011,Summer,Time-invariant,P2.5,Capacity,AP2,Average,30079504
2011,Summer,Time-invariant,P2.5,Capacity,EASIUR,Marginal,30079504
2011,Summer,Time-invariant,P2.5,Capacity,EASIUR,Average,30079504
2011,Summer,Time-invariant,Mean,Climate,AP2,Marginal,10269086
2011,Summer,Time-invariant,Mean,Health,AP2,Marginal,4775545
2011,Summer,Time-invariant,Mean,Capacity,AP2,Marginal,39333569
2011,Summer,Time-invariant,Mean,Capacity,AP2,Average,39333569
2011,Summer,Time-invariant,Mean,Capacity,EASIUR,Marginal,39333569
2011,Summer,Time-invariant,Mean,Capacity,EASIUR,Average,39333569
2011,Summer,Time-invariant,P97.5,Climate,AP2,Marginal,12758991
2011,Summer,Time-invariant,P97.5,Health,AP2,Marginal,5933453
2011,Summer,Time-invariant,P97.5,Capacity,AP2,Marginal,48870625
2011,Summer,Time-invariant,P97.5,Capacity,AP2,Average,48870625
2011,Summer,Time-invariant,P97.5,Capacity,EASIUR,Marginal,48870625
2011,Summer,Time-invariant,P97.5,Capacity,EASIUR,Average,48870625
2011,Winter,Intra-day,P2.5,Climate,AP2,Marginal,12410284
2011,Winter,Intra-day,P2.5,Health,AP2,Marginal,6198059
2011,Winter,Intra-day,P2.5,Capacity,AP2,Marginal,23217581
2011,Winter,Intra-day,P2.5,Capacity,AP2,Average,23217581
2011,Winter,Intra-day,P2.5,Capacity,EASIUR,Marginal,23217581
2011,Winter,Intra-day,P2.5,Capacity,EASIUR,Average,23217581
2011,Winter,Intra-day,Mean,Climate,AP2,Marginal,16464301
2011,Winter,Intra-day,Mean,Health,AP2,Marginal,8219577
2011,Winter,Intra-day,Mean,Capacity,AP2,Marginal,30377465
2011,Winter,Intra-day,Mean,Capacity,AP2,Average,30377465
2011,Winter,Intra-day,Mean,Capacity,EASIUR,Marginal,30377465
2011,Winter,Intra-day,Mean,Capacity,EASIUR,Average,30377465
2011,Winter,Intra-day,P97.5,Climate,AP2,Marginal,20632258
2011,Winter,Intra-day,P97.5,Health,AP2,Marginal,10297980
2011,Winter,Intra-day,P97.5,Capacity,AP2,Marginal,37745638
2011,Winter,Intra-day,P97.5,Capacity,AP2,Average,37745638
2011,Winter,Intra-day,P97.5,Capacity,EASIUR,Marginal,37745638
2011,Winter,Intra-day,P97.5,Capacity,EASIUR,Average,37745638
2011,Winter,Time-invariant,P2.5,Climate,AP2,Marginal,12896392
2011,Winter,Time-invariant,P2.5,Health,AP2,Marginal,6420051
2011,Winter,Time-invariant,P2.5,Capacity,AP2,Marginal,21719790
2011,Winter,Time-invariant,P2.5,Capacity,AP2,Average,21719790
2011,Winter,Time-invariant,P2.5,Capacity,EASIUR,Marginal,21719790
2011,Winter,Time-invariant,P2.5,Capacity,EASIUR,Average,21719790
2011,Winter,Time-invariant,Mean,Climate,AP2,Marginal,16272256
2011,Winter,Time-invariant,Mean,Health,AP2,Marginal,8100615
2011,Winter,Time-invariant,Mean,Capacity,AP2,Marginal,27405338
2011,Winter,Time-invariant,Mean,Capacity,AP2,Average,27405338
2011,Winter,Time-invariant,Mean,Capacity,EASIUR,Marginal,27405338
2011,Winter,Time-invariant,Mean,Capacity,EASIUR,Average,27405338
2011,Winter,Time-invariant,P97.5,Climate,AP2,Marginal,19726582
2011,Winter,Time-invariant,P97.5,Health,AP2,Marginal,9820239
2011,Winter,Time-invariant,P97.5,Capacity,AP2,Marginal,33223030
2011,Winter,Time-invariant,P97.5,Capacity,AP2,Average,33223030
2011,Winter,Time-invariant,P97.5,Capacity,EASIUR,Marginal,33223030
2011,Winter,Time-invariant,P97.5,Capacity,EASIUR,Average,33223030
2011,Coast,Intra-day,P2.5,Climate,AP2,Marginal,987253.4
2011,Coast,Intra-day,P2.5,Health,AP2,Marginal,464467.6
2011,Coast,Intra-day,P2.5,Capacity,AP2,Marginal,2152750
2011,Coast,Intra-day,P2.5,Capacity,AP2,Average,2152750
2011,Coast,Intra-day,P2.5,Capacity,EASIUR,Marginal,2152750
2011,Coast,Intra-day,P2.5,Capacity,EASIUR,Average,2152750
2011,Coast,Intra-day,Mean,Climate,AP2,Marginal,3059890
2011,Coast,Intra-day,Mean,Health,AP2,Marginal,1411235
2011,Coast,Intra-day,Mean,Capacity,AP2,Marginal,4688528
2011,Coast,Intra-day,Mean,Capacity,AP2,Average,4688528
2011,Coast,Intra-day,Mean,Capacity,EASIUR,Marginal,4688528
2011,Coast,Intra-day,Mean,Capacity,EASIUR,Average,4688528
2011,Coast,Intra-day,P97.5,Climate,AP2,Marginal,5270981
2011,Coast,Intra-day,P97.5,Health,AP2,Marginal,2421367
2011,Coast,Intra-day,P97.5,Capacity,AP2,Marginal,7400078
2011,Coast,Intra-day,P97.5,Capacity,AP2,Average,7400078
2011,Coast,Intra-day,P97.5,Capacity,EASIUR,Marginal,7400078
2011,Coast,Intra-day,P97.5,Capacity,EASIUR,Average,7400078
2011,Coast,Time-invariant,P2.5,Climate,AP2,Marginal,1140568
2011,Coast,Time-invariant,P2.5,Health,AP2,Marginal,519381.5
2011,Coast,Time-invariant,P2.5,Capacity,AP2,Marginal,1304360
2011,Coast,Time-invariant,P2.5,Capacity,AP2,Average,1304360
2011,Coast,Time-invariant,P2.5,Capacity,EASIUR,Marginal,1304360
2011,Coast,Time-invariant,P2.5,Capacity,EASIUR,Average,1304360
2011,Coast,Time-invariant,Mean,Climate,AP2,Marginal,2934387
2011,Coast,Time-invariant,Mean,Health,AP2,Marginal,1336235
2011,Coast,Time-invariant,Mean,Capacity,AP2,Marginal,3355784
2011,Coast,Time-invariant,Mean,Capacity,AP2,Average,3355784
2011,Coast,Time-invariant,Mean,Capacity,EASIUR,Marginal,3355784
2011,Coast,Time-invariant,Mean,Capacity,EASIUR,Average,3355784
2011,Coast,Time-invariant,P97.5,Climate,AP2,Marginal,4831187
2011,Coast,Time-invariant,P97.5,Health,AP2,Marginal,2199983
2011,Coast,Time-invariant,P97.5,Capacity,AP2,Marginal,5524976
2011,Coast,Time-invariant,P97.5,Capacity,AP2,Average,5524976
2011,Coast,Time-invariant,P97.5,Capacity,EASIUR,Marginal,5524976
2011,Coast,Time-invariant,P97.5,Capacity,EASIUR,Average,5524976
2011,Hills,Intra-day,P2.5,Climate,AP2,Marginal,6415646
2011,Hills,Intra-day,P2.5,Health,AP2,Marginal,2969688
2011,Hills,Intra-day,P2.5,Capacity,AP2,Marginal,9422019
2011,Hills,Intra-day,P2.5,Capacity,AP2,Average,9422019
2011,Hills,Intra-day,P2.5,Capacity,EASIUR,Marginal,9422019
2011,Hills,Intra-day,P2.5,Capacity,EASIUR,Average,9422019
2011,Hills,Intra-day,Mean,Climate,AP2,Marginal,9860276
2011,Hills,Intra-day,Mean,Health,AP2,Marginal,4547770
2011,Hills,Intra-day,Mean,Capacity,AP2,Marginal,13690280
2011,Hills,Intra-day,Mean,Capacity,AP2,Average,13690280
2011,Hills,Intra-day,Mean,Capacity,EASIUR,Marginal,13690280
2011,Hills,Intra-day,Mean,Capacity,EASIUR,Average,13690280
2011,Hills,Intra-day,P97.5,Climate,AP2,Marginal,13473363
2011,Hills,Intra-day,P97.5,Health,AP2,Marginal,6203168
2011,Hills,Intra-day,P97.5,Capacity,AP2,Marginal,18173442
2011,Hills,Intra-day,P97.5,Capacity,AP2,Average,18173442
2011,Hills,Intra-day,P97.5,Capacity,EASIUR,Marginal,18173442
2011,Hills,Intra-day,P97.5,Capacity,EASIUR,Average,18173442
2011,Hills,Time-invariant,P2.5,Climate,AP2,Marginal,6886816
2011,Hills,Time-invariant,P2.5,Health,AP2,Marginal,3144174
2011,Hills,Time-invariant,P2.5,Capacity,AP2,Marginal,8075078
2011,Hills,Time-invariant,P2.5,Capacity,AP2,Average,8075078
2011,Hills,Time-invariant,P2.5,Capacity,EASIUR,Marginal,8075078
2011,Hills,Time-invariant,P2.5,Capacity,EASIUR,Average,8075078
2011,Hills,Time-invariant,Mean,Climate,AP2,Marginal,9585208
2011,Hills,Time-invariant,Mean,Health,AP2,Marginal,4376124
2011,Hills,Time-invariant,Mean,Capacity,AP2,Marginal,11239055
2011,Hills,Time-invariant,Mean,Capacity,AP2,Average,11239055
2011,Hills,Time-invariant,Mean,Capacity,EASIUR,Marginal,11239055
2011,Hills,Time-invariant,Mean,Capacity,EASIUR,Average,11239055
2011,Hills,Time-invariant,P97.5,Climate,AP2,Marginal,12385936
2011,Hills,Time-invariant,P97.5,Health,AP2,Marginal,5654796
2011,Hills,Time-invariant,P97.5,Capacity,AP2,Marginal,14523024
2011,Hills,Time-invariant,P97.5,Capacity,AP2,Average,14523024
2011,Hills,Time-invariant,P97.5,Capacity,EASIUR,Marginal,14523024
2011,Hills,Time-invariant,P97.5,Capacity,EASIUR,Average,14523024
2011,Valley,Intra-day,P2.5,Climate,AP2,Marginal,9348042
2011,Valley,Intra-day,P2.5,Health,AP2,Marginal,4298447
2011,Valley,Intra-day,P2.5,Capacity,AP2,Marginal,11643020
2011,Valley,Intra-day,P2.5,Capacity,AP2,Average,11643020
2011,Valley,Intra-day,P2.5,Capacity,EASIUR,Marginal,11643020
2011,Valley,Intra-day,P2.5,Capacity,EASIUR,Average,11643020
2011,Valley,Intra-day,Mean,Climate,AP2,Marginal,13676040
2011,Valley,Intra-day,Mean,Health,AP2,Marginal,6284419
2011,Valley,Intra-day,Mean,Capacity,AP2,Marginal,16963603
2011,Valley,Intra-day,Mean,Capacity,AP2,Average,16963603
2011,Valley,Intra-day,Mean,Capacity,EASIUR,Marginal,16963603
2011,Valley,Intra-day,Mean,Capacity,EASIUR,Average,16963603
2011,Valley,Intra-day,P97.5,Climate,AP2,Marginal,18156535
2011,Valley,Intra-day,P97.5,Health,AP2,Marginal,8340524
2011,Valley,Intra-day,P97.5,Capacity,AP2,Marginal,22477102
2011,Valley,Intra-day,P97.5,Capacity,AP2,Average,22477102
2011,Valley,Intra-day,P97.5,Capacity,EASIUR,Marginal,22477102
2011,Valley,Intra-day,P97.5,Capacity,EASIUR,Average,22477102
2011,Valley,Time-invariant,P2.5,Climate,AP2,Marginal,9755092
2011,Valley,Time-invariant,P2.5,Health,AP2,Marginal,4463310
2011,Valley,Time-invariant,P2.5,Capacity,AP2,Marginal,11562125
2011,Valley,Time-invariant,P2.5,Capacity,AP2,Average,11562125
2011,Valley,Time-invariant,P2.5,Capacity,EASIUR,Marginal,11562125
2011,Valley,Time-invariant,P2.5,Capacity,EASIUR,Average,11562125
2011,Valley,Time-invariant,Mean,Climate,AP2,Marginal,13533494
2011,Valley,Time-invariant,Mean,Health,AP2,Marginal,6192066
2011,Valley,Time-invariant,Mean,Capacity,AP2,Marginal,16040438
2011,Valley,Time-invariant,Mean,Capacity,AP2,Average,16040438
2011,Valley,Time-invariant,Mean,Capacity,EASIUR,Marginal,16040438
2011,Valley,Time-invariant,Mean,Capacity,EASIUR,Average,16040438
2011,Valley,Time-invariant,P97.5,Climate,AP2,Marginal,17427270
2011,Valley,Time-invariant,P97.5,Health,AP2,Marginal,7973610
2011,Valley,Time-invariant,P97.5,Capacity,AP2,Marginal,20655497
2011,Valley,Time-invariant,P97.5,Capacity,AP2,Average,20655497
2011,Valley,Time-invariant,P97.5,Capacity,EASIUR,Marginal,20655497
2011,Valley,Time-invariant,P97.5,Capacity,EASIUR,Average,20655497
2017,Full dataset,Intra-day,P2.5,Climate,AP2,Marginal,21584809
2017,Full dataset,Intra-day,P2.5,Health,AP2,Marginal,7953016
2017,Full dataset,Intra-day,P2.5,Capacity,AP2,Marginal,27397856
2017,Full dataset,Intra-day,P2.5,Capacity,AP2,Average,27397856
2017,Full dataset,Intra-day,P2.5,Capacity,EASIUR,Marginal,27397856
2017,Full dataset,Intra-day,P2.5,Capacity,EASIUR,Average,27397856
2017,Full dataset,Intra-day,Mean,Climate,AP2,Marginal,27760113
2017,Full dataset,Intra-day,Mean,Health,AP2,Marginal,10217648
2017,Full dataset,Intra-day,Mean,Capacity,AP2,Marginal,34632769
2017,Full dataset,Intra-day,Mean,Capacity,AP2,Average,34632769
2017,Full dataset,Intra-day,Mean,Capacity,EASIUR,Marginal,34632769
2017,Full dataset,Intra-day,Mean,Capacity,EASIUR,Average,34632769
2017,Full dataset,Intra-day,P97.5,Climate,AP2,Marginal,34097282
2017,Full dataset,Intra-day,P97.5,Health,AP2,Marginal,12541625
2017,Full dataset,Intra-day,P97.5,Capacity,AP2,Marginal,42063092
2017,Full dataset,Intra-day,P97.5,Capacity,AP2,Average,42063092
2017,Full dataset,Intra-day,P97.5,Capacity,EASIUR,Marginal,42063092
2017,Full dataset,Intra-day,P97.5,Capacity,EASIUR,Average,42063092
2017,Full dataset,Time-invariant,P2.5,Climate,AP2,Marginal,21943523
2017,Full dataset,Time-invariant,P2.5,Health,AP2,Marginal,8044839
2017,Full dataset,Time-invariant,P2.5,Capacity,AP2,Marginal,24556222
2017,Full dataset,Time-invariant,P2.5,Capacity,AP2,Average,24556222
2017,Full dataset,Time-invariant,P2.5,Capacity,EASIUR,Marginal,24556222
2017,Full dataset,Time-invariant,P2.5,Capacity,EASIUR,Average,24556222
2017,Full dataset,Time-invariant,Mean,Climate,AP2,Marginal,27189630
2017,Full dataset,Time-invariant,Mean,Health,AP2,Marginal,9968145
2017,Full dataset,Time-invariant,Mean,Capacity,AP2,Marginal,30426955
2017,Full dataset,Time-invariant,Mean,Capacity,AP2,Average,30426955
2017,Full dataset,Time-invariant,Mean,Capacity,EASIUR,Marginal,30426955
2017,Full dataset,Time-invariant,Mean,Capacity,EASIUR,Average,30426955
2017,Full dataset,Time-invariant,P97.5,Climate,AP2,Marginal,32551947
2017,Full dataset,Time-invariant,P97.5,Health,AP2,Marginal,11934054
2017,Full dataset,Time-invariant,P97.5,Capacity,AP2,Marginal,36427735
2017,Full dataset,Time-invariant,P97.5,Capacity,AP2,Average,36427735
2017,Full dataset,Time-invariant,P97.5,Capacity,EASIUR,Marginal,36427735
2017,Full dataset,Time-invariant,P97.5,Capacity,EASIUR,Average,36427735
2017,Summer,Intra-day,P2.5,Climate,AP2,Marginal,8089551
2017,Summer,Intra-day,P2.5,Health,AP2,Marginal,3109669
2017,Summer,Intra-day,P2.5,Capacity,AP2,Marginal,34135110
2017,Summer,Intra-day,P2.5,Capacity,AP2,Average,34135110
2017,Summer,Intra-day,P2.5,Capacity,EASIUR,Marginal,34135110
2017,Summer,Intra-day,P2.5,Capacity,EASIUR,Average,34135110
2017,Summer,Intra-day,Mean,Climate,AP2,Marginal,10966659
2017,Summer,Intra-day,Mean,Health,AP2,Marginal,4208056
2017,Summer,Intra-day,Mean,Capacity,AP2,Marginal,45211557
2017,Summer,Intra-day,Mean,Capacity,AP2,Average,45211557
2017,Summer,Intra-day,Mean,Capacity,EASIUR,Marginal,45211557
2017,Summer,Intra-day,Mean,Capacity,EASIUR,Average,45211557
2017,Summer,Intra-day,P97.5,Climate,AP2,Marginal,13945455
2017,Summer,Intra-day,P97.5,Health,AP2,Marginal,5345237
2017,Summer,Intra-day,P97.5,Capacity,AP2,Marginal,56688065
2017,Summer,Intra-day,P97.5,Capacity,AP2,Average,56688065
2017,Summer,Intra-day,P97.5,Capacity,EASIUR,Marginal,56688065
2017,Summer,Intra-day,P97.5,Capacity,EASIUR,Average,56688065
2017,Summer,Time-invariant,P2.5,Climate,AP2,Marginal,8126184
2017,Summer,Time-invariant,P2.5,Health,AP2,Marginal,3102320
2017,Summer,Time-invariant,P2.5,Capacity,AP2,Marginal,30079504
2017,Summer,Time-invariant,P2.5,Capacity,AP2,Average,30079504
2017,Summer,Time-invariant,P2.5,Capacity,EASIUR,Marginal,30079504
2017,Summer,Time-invariant,P2.5,Capacity,EASIUR,Average,30079504
2017,Summer,Time-invariant,Mean,Climate,AP2,Marginal,10626233
2017,Summer,Time-invariant,Mean,Health,AP2,Marginal,4056759
2017,Summer,Time-invariant,Mean,Capacity,AP2,Marginal,39333569
2017,Summer,Time-invariant,Mean,Capacity,AP2,Average,39333569
2017,Summer,Time-invariant,Mean,Capacity,EASIUR,Marginal,39333569
2017,Summer,Time-invariant,Mean,Capacity,EASIUR,Average,39333569
2017,Summer,Time-invariant,P97.5,Climate,AP2,Marginal,13202734
2017,Summer,Time-invariant,P97.5,Health,AP2,Marginal,5040386
2017,Summer,Time-invariant,P97.5,Capacity,AP2,Marginal,48870625
2017,Summer,Time-invariant,P97.5,Capacity,AP2,Average,48870625
2017,Summer,Time-invariant,P97.5,Capacity,EASIUR,Marginal,48870625
2017,Summer,Time-invariant,P97.5,Capacity,EASIUR,Average,48870625
2017,Winter,Intra-day,P2.5,Climate,AP2,Marginal,13217166
2017,Winter,Intra-day,P2.5,Health,AP2,Marginal,4845247
2017,Winter,Intra-day,P2.5,Capacity,AP2,Marginal,23217581
2017,Winter,Intra-day,P2.5,Capacity,AP2,Average,23217581
2017,Winter,Intra-day,P2.5,Capacity,EASIUR,Marginal,23217581
2017,Winter,Intra-day,P2.5,Capacity,EASIUR,Average,23217581
2017,Winter,Intra-day,Mean,Climate,AP2,Marginal,17522711
2017,Winter,Intra-day,Mean,Health,AP2,Marginal,6418418
2017,Winter,Intra-day,Mean,Capacity,AP2,Marginal,30377465
2017,Winter,Intra-day,Mean,Capacity,AP2,Average,30377465
2017,Winter,Intra-day,Mean,Capacity,EASIUR,Marginal,30377465
2017,Winter,Intra-day,Mean,Capacity,EASIUR,Average,30377465
2017,Winter,Intra-day,P97.5,Climate,AP2,Marginal,21949163
2017,Winter,Intra-day,P97.5,Health,AP2,Marginal,8035775
2017,Winter,Intra-day,P97.5,Capacity,AP2,Marginal,37745638
2017,Winter,Intra-day,P97.5,Capacity,AP2,Average,37745638
2017,Winter,Intra-day,P97.5,Capacity,EASIUR,Marginal,37745638
2017,Winter,Intra-day,P97.5,Capacity,EASIUR,Average,37745638
2017,Winter,Time-invariant,P2.5,Climate,AP2,Marginal,13707095
2017,Winter,Time-invariant,P2.5,Health,AP2,Marginal,5005508
2017,Winter,Time-invariant,P2.5,Capacity,AP2,Marginal,21719790
2017,Winter,Time-invariant,P2.5,Capacity,AP2,Average,21719790
2017,Winter,Time-invariant,P2.5,Capacity,EASIUR,Marginal,21719790
2017,Winter,Time-invariant,P2.5,Capacity,EASIUR,Average,21719790
2017,Winter,Time-invariant,Mean,Climate,AP2,Marginal,17295175
2017,Winter,Time-invariant,Mean,Health,AP2,Marginal,6315791
2017,Winter,Time-invariant,Mean,Capacity,AP2,Marginal,27405338
2017,Winter,Time-invariant,Mean,Capacity,AP2,Average,27405338
2017,Winter,Time-invariant,Mean,Capacity,EASIUR,Marginal,27405338
2017,Winter,Time-invariant,Mean,Capacity,EASIUR,Average,27405338
2017,Winter,Time-invariant,P97.5,Climate,AP2,Marginal,20966650
2017,Winter,Time-invariant,P97.5,Health,AP2,Marginal,7656527
2017,Winter,Time-invariant,P97.5,Capacity,AP2,Marginal,33223030
2017,Winter,Time-invariant,P97.5,Capacity,AP2,Average,33223030
2017,Winter,Time-invariant,P97.5,Capacity,EASIUR,Marginal,33223030
2017,Winter,Time-invariant,P97.5,Capacity,EASIUR,Average,33223030
2017,Coast,Intra-day,P2.5,Climate,AP2,Marginal,1039559
2017,Coast,Intra-day,P2.5,Health,AP2,Marginal,383230.5
2017,Coast,Intra-day,P2.5,Capacity,AP2,Marginal,2152750
2017,Coast,Intra-day,P2.5,Capacity,AP2,Average,2152750
2017,Coast,Intra-day,P2.5,Capacity,EASIUR,Marginal,2152750
2017,Coast,Intra-day,P2.5,Capacity,EASIUR,Average,2152750
2017,Coast,Intra-day,Mean,Climate,AP2,Marginal,3211695
2017,Coast,Intra-day,Mean,Health,AP2,Marginal,1178786
2017,Coast,Intra-day,Mean,Capacity,AP2,Marginal,4688528
2017,Coast,Intra-day,Mean,Capacity,AP2,Average,4688528
2017,Coast,Intra-day,Mean,Capacity,EASIUR,Marginal,4688528
2017,Coast,Intra-day,Mean,Capacity,EASIUR,Average,4688528
2017,Coast,Intra-day,P97.5,Climate,AP2,Marginal,5528998
2017,Coast,Intra-day,P97.5,Health,AP2,Marginal,2027491
2017,Coast,Intra-day,P97.5,Capacity,AP2,Marginal,7400078
2017,Coast,Intra-day,P97.5,Capacity,AP2,Average,7400078
2017,Coast,Intra-day,P97.5,Capacity,EASIUR,Marginal,7400078
2017,Coast,Intra-day,P97.5,Capacity,EASIUR,Average,7400078
2017,Coast,Time-invariant,P2.5,Climate,AP2,Marginal,1194621
2017,Coast,Time-invariant,P2.5,Health,AP2,Marginal,437578.9
2017,Coast,Time-invariant,P2.5,Capacity,AP2,Marginal,1304360
2017,Coast,Time-invariant,P2.5,Capacity,AP2,Average,1304360
2017,Coast,Time-invariant,P2.5,Capacity,EASIUR,Marginal,1304360
2017,Coast,Time-invariant,P2.5,Capacity,EASIUR,Average,1304360
2017,Coast,Time-invariant,Mean,Climate,AP2,Marginal,3073452
2017,Coast,Time-invariant,Mean,Health,AP2,Marginal,1125778
2017,Coast,Time-invariant,Mean,Capacity,AP2,Marginal,3355784
2017,Coast,Time-invariant,Mean,Capacity,AP2,Average,3355784
2017,Coast,Time-invariant,Mean,Capacity,EASIUR,Marginal,3355784
2017,Coast,Time-invariant,Mean,Capacity,EASIUR,Average,3355784
2017,Coast,Time-invariant,P97.5,Climate,AP2,Marginal,5060145
2017,Coast,Time-invariant,P97.5,Health,AP2,Marginal,1853486
2017,Coast,Time-invariant,P97.5,Capacity,AP2,Marginal,5524976
2017,Coast,Time-invariant,P97.5,Capacity,AP2,Average,5524976
2017,Coast,Time-invariant,P97.5,Capacity,EASIUR,Marginal,5524976
2017,Coast,Time-invariant,P97.5,Capacity,EASIUR,Average,5524976
2017,Hills,Intra-day,P2.5,Climate,AP2,Marginal,6758880
2017,Hills,Intra-day,P2.5,Health,AP2,Marginal,2499028
2017,Hills,Intra-day,P2.5,Capacity,AP2,Marginal,9422019
2017,Hills,Intra-day,P2.5,Capacity,AP2,Average,9422019
2017,Hills,Intra-day,P2.5,Capacity,EASIUR,Marginal,9422019
2017,Hills,Intra-day,P2.5,Capacity,EASIUR,Average,9422019
2017,Hills,Intra-day,Mean,Climate,AP2,Marginal,10373262
2017,Hills,Intra-day,Mean,Health,AP2,Marginal,3824051
2017,Hills,Intra-day,Mean,Capacity,AP2,Marginal,13690280
2017,Hills,Intra-day,Mean,Capacity,AP2,Average,13690280
2017,Hills,Intra-day,Mean,Capacity,EASIUR,Marginal,13690280
2017,Hills,Intra-day,Mean,Capacity,EASIUR,Average,13690280
2017,Hills,Intra-day,P97.5,Climate,AP2,Marginal,14164432
2017,Hills,Intra-day,P97.5,Health,AP2,Marginal,5213850
2017,Hills,Intra-day,P97.5,Capacity,AP2,Marginal,18173442
2017,Hills,Intra-day,P97.5,Capacity,AP2,Average,18173442
2017,Hills,Intra-day,P97.5,Capacity,EASIUR,Marginal,18173442
2017,Hills,Intra-day,P97.5,Capacity,EASIUR,Average,18173442
2017,Hills,Time-invariant,P2.5,Climate,AP2,Marginal,7222565
2017,Hills,Time-invariant,P2.5,Health,AP2,Marginal,2646593
2017,Hills,Time-invariant,P2.5,Capacity,AP2,Marginal,8075078
2017,Hills,Time-invariant,P2.5,Capacity,AP2,Average,8075078
2017,Hills,Time-invariant,P2.5,Capacity,EASIUR,Marginal,8075078
2017,Hills,Time-invariant,P2.5,Capacity,EASIUR,Average,8075078
2017,Hills,Time-invariant,Mean,Climate,AP2,Marginal,10052509
2017,Hills,Time-invariant,Mean,Health,AP2,Marginal,3683581
2017,Hills,Time-invariant,Mean,Capacity,AP2,Marginal,11239055
2017,Hills,Time-invariant,Mean,Capacity,AP2,Average,11239055
2017,Hills,Time-invariant,Mean,Capacity,EASIUR,Marginal,11239055
2017,Hills,Time-invariant,Mean,Capacity,EASIUR,Average,11239055
2017,Hills,Time-invariant,P97.5,Climate,AP2,Marginal,12989780
2017,Hills,Time-invariant,P97.5,Health,AP2,Marginal,4759896
2017,Hills,Time-invariant,P97.5,Capacity,AP2,Marginal,14523024
2017,Hills,Time-invariant,P97.5,Capacity,AP2,Average,14523024
2017,Hills,Time-invariant,P97.5,Capacity,EASIUR,Marginal,14523024
2017,Hills,Time-invariant,P97.5,Capacity,EASIUR,Average,14523024
2017,Valley,Intra-day,P2.5,Climate,AP2,Marginal,9864074
2017,Valley,Intra-day,P2.5,Health,AP2,Marginal,3636259
2017,Valley,Intra-day,P2.5,Capacity,AP2,Marginal,11643020
2017,Valley,Intra-day,P2.5,Capacity,AP2,Average,11643020
2017,Valley,Intra-day,P2.5,Capacity,EASIUR,Marginal,11643020
2017,Valley,Intra-day,P2.5,Capacity,EASIUR,Average,11643020
2017,Valley,Intra-day,Mean,Climate,AP2,Marginal,14414574
2017,Valley,Intra-day,Mean,Health,AP2,Marginal,5306193
2017,Valley,Intra-day,Mean,Capacity,AP2,Marginal,16963603
2017,Valley,Intra-day,Mean,Capacity,AP2,Average,16963603
2017,Valley,Intra-day,Mean,Capacity,EASIUR,Marginal,16963603
2017,Valley,Intra-day,Mean,Capacity,EASIUR,Average,16963603
2017,Valley,Intra-day,P97.5,Climate,AP2,Marginal,19125515
2017,Valley,Intra-day,P97.5,Health,AP2,Marginal,7035001
2017,Valley,Intra-day,P97.5,Capacity,AP2,Marginal,22477102
2017,Valley,Intra-day,P97.5,Capacity,AP2,Average,22477102
2017,Valley,Intra-day,P97.5,Capacity,EASIUR,Marginal,22477102
2017,Valley,Intra-day,P97.5,Capacity,EASIUR,Average,22477102
2017,Valley,Time-invariant,P2.5,Climate,AP2,Marginal,10246899
2017,Valley,Time-invariant,P2.5,Health,AP2,Marginal,3759085
2017,Valley,Time-invariant,P2.5,Capacity,AP2,Marginal,11562125
2017,Valley,Time-invariant,P2.5,Capacity,AP2,Average,11562125
2017,Valley,Time-invariant,P2.5,Capacity,EASIUR,Marginal,11562125
2017,Valley,Time-invariant,P2.5,Capacity,EASIUR,Average,11562125
2017,Valley,Time-invariant,Mean,Climate,AP2,Marginal,14215790
2017,Valley,Time-invariant,Mean,Health,AP2,Marginal,5215077
2017,Valley,Time-invariant,Mean,Capacity,AP2,Marginal,16040438
2017,Valley,Time-invariant,Mean,Capacity,AP2,Average,16040438
2017,Valley,Time-invariant,Mean,Capacity,EASIUR,Marginal,16040438
2017,Valley,Time-invariant,Mean,Capacity,EASIUR,Average,16040438
2017,Valley,Time-invariant,P97.5,Climate,AP2,Marginal,18305873
2017,Valley,Time-invariant,P97.5,Health,AP2,Marginal,6715527
2017,Valley,Time-invariant,P97.5,Capacity,AP2,Marginal,20655497
2017,Valley,Time-invariant,P97.5,Capacity,AP2,Average,20655497
2017,Valley,Time-invariant,P97.5,Capacity,EASIUR,Marginal,20655497
2017,Valley,Time-invariant,P97.5,Capacity,EASIUR,Average,20655497
2018,Full dataset,Intra-day,P2.5,Climate,AP2,Marginal,21868552
2018,Full dataset,Intra-day,P2.5,Climate,AP2,Average,25888856
2018,Full dataset,Intra-day,P2.5,Climate,EASIUR,Marginal,21868552
2018,Full dataset,Intra-day,P2.5,Climate,EASIUR,Average,25888856
2018,Full dataset,Intra-day,P2.5,Health,AP2,Marginal,8307038
2018,Full dataset,Intra-day,P2.5,Health,AP2,Average,4721321
2018,Full dataset,Intra-day,P2.5,Health,EASIUR,Marginal,4120911
2018,Full dataset,Intra-day,P2.5,Health,EASIUR,Average,4223270
2018,Full dataset,Intra-day,P2.5,Capacity,AP2,Marginal,27397856
2018,Full dataset,Intra-day,P2.5,Capacity,AP2,Average,27397856
2018,Full dataset,Intra-day,P2.5,Capacity,EASIUR,Marginal,27397856
2018,Full dataset,Intra-day,P2.5,Capacity,EASIUR,Average,27397856
2018,Full dataset,Intra-day,Mean,Climate,AP2,Marginal,28114302
2018,Full dataset,Intra-day,Mean,Climate,AP2,Average,33315060
2018,Full dataset,Intra-day,Mean,Climate,EASIUR,Marginal,28114302
2018,Full dataset,Intra-day,Mean,Climate,EASIUR,Average,33315060
2018,Full dataset,Intra-day,Mean,Health,AP2,Marginal,10681017
2018,Full dataset,Intra-day,Mean,Health,AP2,Average,6074759
2018,Full dataset,Intra-day,Mean,Health,EASIUR,Marginal,5292179
2018,Full dataset,Intra-day,Mean,Health,EASIUR,Average,5433627
2018,Full dataset,Intra-day,Mean,Capacity,AP2,Marginal,34632769
2018,Full dataset,Intra-day,Mean,Capacity,AP2,Average,34632769
2018,Full dataset,Intra-day,Mean,Capacity,EASIUR,Marginal,34632769
2018,Full dataset,Intra-day,Mean,Capacity,EASIUR,Average,34632769
2018,Full dataset,Intra-day,P97.5,Climate,AP2,Marginal,34523806
2018,Full dataset,Intra-day,P97.5,Climate,AP2,Average,40936016
2018,Full dataset,Intra-day,P97.5,Climate,EASIUR,Marginal,34523806
2018,Full dataset,Intra-day,P97.5,Climate,EASIUR,Average,40936016
2018,Full dataset,Intra-day,P97.5,Health,AP2,Marginal,13117185
2018,Full dataset,Intra-day,P97.5,Health,AP2,Average,7463686
2018,Full dataset,Intra-day,P97.5,Health,EASIUR,Marginal,6494172
2018,Full dataset,Intra-day,P97.5,Health,EASIUR,Average,6675723
2018,Full dataset,Intra-day,P97.5,Capacity,AP2,Marginal,42063092
2018,Full dataset,Intra-day,P97.5,Capacity,AP2,Average,42063092
2018,Full dataset,Intra-day,P97.5,Capacity,EASIUR,Marginal,42063092
2018,Full dataset,Intra-day,P97.5,Capacity,EASIUR,Average,42063092
2018,Full dataset,Time-invariant,P2.5,Climate,AP2,Marginal,22182079
2018,Full dataset,Time-invariant,P2.5,Climate,AP2,Average,26382789
2018,Full dataset,Time-invariant,P2.5,Climate,EASIUR,Marginal,22182079
2018,Full dataset,Time-invariant,P2.5,Climate,EASIUR,Average,26382789
2018,Full dataset,Time-invariant,P2.5,Health,AP2,Marginal,8441721
2018,Full dataset,Time-invariant,P2.5,Health,AP2,Average,4808781
2018,Full dataset,Time-invariant,P2.5,Health,EASIUR,Marginal,4154461
2018,Full dataset,Time-invariant,P2.5,Health,EASIUR,Average,4299810
2018,Full dataset,Time-invariant,P2.5,Capacity,AP2,Marginal,24556222
2018,Full dataset,Time-invariant,P2.5,Capacity,AP2,Average,24556222
2018,Full dataset,Time-invariant,P2.5,Capacity,EASIUR,Marginal,24556222
2018,Full dataset,Time-invariant,P2.5,Capacity,EASIUR,Average,24556222
2018,Full dataset,Time-invariant,Mean,Climate,AP2,Marginal,27485219
2018,Full dataset,Time-invariant,Mean,Climate,AP2,Average,32690206
2018,Full dataset,Time-invariant,Mean,Climate,EASIUR,Marginal,27485219
2018,Full dataset,Time-invariant,Mean,Climate,EASIUR,Average,32690206
2018,Full dataset,Time-invariant,Mean,Health,AP2,Marginal,10459910
2018,Full dataset,Time-invariant,Mean,Health,AP2,Average,5958432
2018,Full dataset,Time-invariant,Mean,Health,EASIUR,Marginal,5147682
2018,Full dataset,Time-invariant,Mean,Health,EASIUR,Average,5327779
2018,Full dataset,Time-invariant,Mean,Capacity,AP2,Marginal,30426955
2018,Full dataset,Time-invariant,Mean,Capacity,AP2,Average,30426955
2018,Full dataset,Time-invariant,Mean,Capacity,EASIUR,Marginal,30426955
2018,Full dataset,Time-invariant,Mean,Capacity,EASIUR,Average,30426955
2018,Full dataset,Time-invariant,P97.5,Climate,AP2,Marginal,32905832
2018,Full dataset,Time-invariant,P97.5,Climate,AP2,Average,39137342
2018,Full dataset,Time-invariant,P97.5,Climate,EASIUR,Marginal,32905832
2018,Full dataset,Time-invariant,P97.5,Climate,EASIUR,Average,39137342
2018,Full dataset,Time-invariant,P97.5,Health,AP2,Marginal,12522805
2018,Full dataset,Time-invariant,P97.5,Health,AP2,Average,7133549
2018,Full dataset,Time-invariant,P97.5,Health,EASIUR,Marginal,6162903
2018,Full dataset,Time-invariant,P97.5,Health,EASIUR,Average,6378519
2018,Full dataset,Time-invariant,P97.5,Capacity,AP2,Marginal,36427735
2018,Full dataset,Time-invariant,P97.5,Capacity,AP2,Average,36427735
2018,Full dataset,Time-invariant,P97.5,Capacity,EASIUR,Marginal,36427735
2018,Full dataset,Time-invariant,P97.5,Capacity,EASIUR,Average,36427735
2018,Summer,Intra-day,P2.5,Climate,AP2,Marginal,8558046
2018,Summer,Intra-day,P2.5,Climate,AP2,Average,9881719
2018,Summer,Intra-day,P2.5,Climate,EASIUR,Marginal,8558046
2018,Summer,Intra-day,P2.5,Climate,EASIUR,Average,9881719
2018,Summer,Intra-day,P2.5,Health,AP2,Marginal,3488331
2018,Summer,Intra-day,P2.5,Health,AP2,Average,1798061
2018,Summer,Intra-day,P2.5,Health,EASIUR,Marginal,1676382
2018,Summer,Intra-day,P2.5,Health,EASIUR,Average,1618283
2018,Summer,Intra-day,P2.5,Capacity,AP2,Marginal,34135110
2018,Summer,Intra-day,P2.5,Capacity,AP2,Average,34135110
2018,Summer,Intra-day,P2.5,Capacity,EASIUR,Marginal,34135110
2018,Summer,Intra-day,P2.5,Capacity,EASIUR,Average,34135110
2018,Summer,Intra-day,Mean,Climate,AP2,Marginal,11593628
2018,Summer,Intra-day,Mean,Climate,AP2,Average,13398428
2018,Summer,Intra-day,Mean,Climate,EASIUR,Marginal,11593628
2018,Summer,Intra-day,Mean,Climate,EASIUR,Average,13398428
2018,Summer,Intra-day,Mean,Health,AP2,Marginal,4725866
2018,Summer,Intra-day,Mean,Health,AP2,Average,2437735
2018,Summer,Intra-day,Mean,Health,EASIUR,Marginal,2269729
2018,Summer,Intra-day,Mean,Health,EASIUR,Average,2193838
2018,Summer,Intra-day,Mean,Capacity,AP2,Marginal,45211557
2018,Summer,Intra-day,Mean,Capacity,AP2,Average,45211557
2018,Summer,Intra-day,Mean,Capacity,EASIUR,Marginal,45211557
2018,Summer,Intra-day,Mean,Capacity,EASIUR,Average,45211557
2018,Summer,Intra-day,P97.5,Climate,AP2,Marginal,14736542
2018,Summer,Intra-day,P97.5,Climate,AP2,Average,17039509
2018,Summer,Intra-day,P97.5,Climate,EASIUR,Marginal,14736542
2018,Summer,Intra-day,P97.5,Climate,EASIUR,Average,17039509
2018,Summer,Intra-day,P97.5,Health,AP2,Marginal,6007208
2018,Summer,Intra-day,P97.5,Health,AP2,Average,3100028
2018,Summer,Intra-day,P97.5,Health,EASIUR,Marginal,2884058
2018,Summer,Intra-day,P97.5,Health,EASIUR,Average,2789749
2018,Summer,Intra-day,P97.5,Capacity,AP2,Marginal,56688065
2018,Summer,Intra-day,P97.5,Capacity,AP2,Average,56688065
2018,Summer,Intra-day,P97.5,Capacity,EASIUR,Marginal,56688065
2018,Summer,Intra-day,P97.5,Capacity,EASIUR,Average,56688065
2018,Summer,Time-invariant,P2.5,Climate,AP2,Marginal,8566470
2018,Summer,Time-invariant,P2.5,Climate,AP2,Average,9927080
2018,Summer,Time-invariant,P2.5,Climate,EASIUR,Marginal,8566470
2018,Summer,Time-invariant,P2.5,Climate,EASIUR,Average,9927080
2018,Summer,Time-invariant,P2.5,Health,AP2,Marginal,3488961
2018,Summer,Time-invariant,P2.5,Health,AP2,Average,1805907
2018,Summer,Time-invariant,P2.5,Health,EASIUR,Marginal,1673991
2018,Summer,Time-invariant,P2.5,Health,EASIUR,Average,1624557
2018,Summer,Time-invariant,P2.5,Capacity,AP2,Marginal,30079504
2018,Summer,Time-invariant,P2.5,Capacity,AP2,Average,30079504
2018,Summer,Time-invariant,P2.5,Capacity,EASIUR,Marginal,30079504
2018,Summer,Time-invariant,P2.5,Capacity,EASIUR,Average,30079504
2018,Summer,Time-invariant,Mean,Climate,AP2,Marginal,11201975
2018,Summer,Time-invariant,Mean,Climate,AP2,Average,12981181
2018,Summer,Time-invariant,Mean,Climate,EASIUR,Marginal,11201975
2018,Summer,Time-invariant,Mean,Climate,EASIUR,Average,12981181
2018,Summer,Time-invariant,Mean,Health,AP2,Marginal,4562352
2018,Summer,Time-invariant,Mean,Health,AP2,Average,2361500
2018,Summer,Time-invariant,Mean,Health,EASIUR,Marginal,2189000
2018,Summer,Time-invariant,Mean,Health,EASIUR,Average,2124358
2018,Summer,Time-invariant,Mean,Capacity,AP2,Marginal,39333569
2018,Summer,Time-invariant,Mean,Capacity,AP2,Average,39333569
2018,Summer,Time-invariant,Mean,Capacity,EASIUR,Marginal,39333569
2018,Summer,Time-invariant,Mean,Capacity,EASIUR,Average,39333569
2018,Summer,Time-invariant,P97.5,Climate,AP2,Marginal,13918074
2018,Summer,Time-invariant,P97.5,Climate,AP2,Average,16128677
2018,Summer,Time-invariant,P97.5,Climate,EASIUR,Marginal,13918074
2018,Summer,Time-invariant,P97.5,Climate,EASIUR,Average,16128677
2018,Summer,Time-invariant,P97.5,Health,AP2,Marginal,5668568
2018,Summer,Time-invariant,P97.5,Health,AP2,Average,2934084
2018,Summer,Time-invariant,P97.5,Health,EASIUR,Marginal,2719758
2018,Summer,Time-invariant,P97.5,Health,EASIUR,Average,2639442
2018,Summer,Time-invariant,P97.5,Capacity,AP2,Marginal,48870625
2018,Summer,Time-invariant,P97.5,Capacity,AP2,Average,48870625
2018,Summer,Time-invariant,P97.5,Capacity,EASIUR,Marginal,48870625
2018,Summer,Time-invariant,P97.5,Capacity,EASIUR,Average,48870625
2018,Winter,Intra-day,P2.5,Climate,AP2,Marginal,12995337
2018,Winter,Intra-day,P2.5,Climate,AP2,Average,15730062
2018,Winter,Intra-day,P2.5,Climate,EASIUR,Marginal,12995337
2018,Winter,Intra-day,P2.5,Climate,EASIUR,Average,15730062
2018,Winter,Intra-day,P2.5,Health,AP2,Marginal,4625831
2018,Winter,Intra-day,P2.5,Health,AP2,Average,2872300
2018,Winter,Intra-day,P2.5,Health,EASIUR,Marginal,2554711
2018,Winter,Intra-day,P2.5,Health,EASIUR,Average,2555991
2018,Winter,Intra-day,P2.5,Capacity,AP2,Marginal,23217581
2018,Winter,Intra-day,P2.5,Capacity,AP2,Average,23217581
2018,Winter,Intra-day,P2.5,Capacity,EASIUR,Marginal,23217581
2018,Winter,Intra-day,P2.5,Capacity,EASIUR,Average,23217581
2018,Winter,Intra-day,Mean,Climate,AP2,Marginal,17232590
2018,Winter,Intra-day,Mean,Climate,AP2,Average,20875163
2018,Winter,Intra-day,Mean,Climate,EASIUR,Marginal,17232590
2018,Winter,Intra-day,Mean,Climate,EASIUR,Average,20875163
2018,Winter,Intra-day,Mean,Health,AP2,Marginal,6131720
2018,Winter,Intra-day,Mean,Health,AP2,Average,3810889
2018,Winter,Intra-day,Mean,Health,EASIUR,Marginal,3378915
2018,Winter,Intra-day,Mean,Health,EASIUR,Average,3391005
2018,Winter,Intra-day,Mean,Capacity,AP2,Marginal,30377465
2018,Winter,Intra-day,Mean,Capacity,AP2,Average,30377465
2018,Winter,Intra-day,Mean,Capacity,EASIUR,Marginal,30377465
2018,Winter,Intra-day,Mean,Capacity,EASIUR,Average,30377465
2018,Winter,Intra-day,P97.5,Climate,AP2,Marginal,21588958
2018,Winter,Intra-day,P97.5,Climate,AP2,Average,26164947
2018,Winter,Intra-day,P97.5,Climate,EASIUR,Marginal,21588958
2018,Winter,Intra-day,P97.5,Climate,EASIUR,Average,26164947
2018,Winter,Intra-day,P97.5,Health,AP2,Marginal,7679931
2018,Winter,Intra-day,P97.5,Health,AP2,Average,4775867
2018,Winter,Intra-day,P97.5,Health,EASIUR,Marginal,4226279
2018,Winter,Intra-day,P97.5,Health,EASIUR,Average,4249497
2018,Winter,Intra-day,P97.5,Capacity,AP2,Marginal,37745638
2018,Winter,Intra-day,P97.5,Capacity,AP2,Average,37745638
2018,Winter,Intra-day,P97.5,Capacity,EASIUR,Marginal,37745638
2018,Winter,Intra-day,P97.5,Capacity,EASIUR,Average,37745638
2018,Winter,Time-invariant,P2.5,Climate,AP2,Marginal,13474233
2018,Winter,Time-invariant,P2.5,Climate,AP2,Average,16361694
2018,Winter,Time-invariant,P2.5,Climate,EASIUR,Marginal,13474233
2018,Winter,Time-invariant,P2.5,Climate,EASIUR,Average,16361694
2018,Winter,Time-invariant,P2.5,Health,AP2,Marginal,4789553
2018,Winter,Time-invariant,P2.5,Health,AP2,Average,2984962
2018,Winter,Time-invariant,P2.5,Health,EASIUR,Marginal,2619108
2018,Winter,Time-invariant,P2.5,Health,EASIUR,Average,2655370
2018,Winter,Time-invariant,P2.5,Capacity,AP2,Marginal,21719790
2018,Winter,Time-invariant,P2.5,Capacity,AP2,Average,21719790
2018,Winter,Time-invariant,P2.5,Capacity,EASIUR,Marginal,21719790
2018,Winter,Time-invariant,P2.5,Capacity,EASIUR,Average,21719790
2018,Winter,Time-invariant,Mean,Climate,AP2,Marginal,17001357
2018,Winter,Time-invariant,Mean,Climate,AP2,Average,20644662
2018,Winter,Time-invariant,Mean,Climate,EASIUR,Marginal,17001357
2018,Winter,Time-invariant,Mean,Climate,EASIUR,Average,20644662
2018,Winter,Time-invariant,Mean,Health,AP2,Marginal,6043305
2018,Winter,Time-invariant,Mean,Health,AP2,Average,3766330
2018,Winter,Time-invariant,Mean,Health,EASIUR,Marginal,3304707
2018,Winter,Time-invariant,Mean,Health,EASIUR,Average,3350461
2018,Winter,Time-invariant,Mean,Capacity,AP2,Marginal,27405338
2018,Winter,Time-invariant,Mean,Capacity,AP2,Average,27405338
2018,Winter,Time-invariant,Mean,Capacity,EASIUR,Marginal,27405338
2018,Winter,Time-invariant,Mean,Capacity,EASIUR,Average,27405338
2018,Winter,Time-invariant,P97.5,Climate,AP2,Marginal,20610460
2018,Winter,Time-invariant,P97.5,Climate,AP2,Average,25027177
2018,Winter,Time-invariant,P97.5,Climate,EASIUR,Marginal,20610460
2018,Winter,Time-invariant,P97.5,Climate,EASIUR,Average,25027177
2018,Winter,Time-invariant,P97.5,Health,AP2,Marginal,7326198
2018,Winter,Time-invariant,P97.5,Health,AP2,Average,4565858
2018,Winter,Time-invariant,P97.5,Health,EASIUR,Marginal,4006241
2018,Winter,Time-invariant,P97.5,Health,EASIUR,Average,4061708
2018,Winter,Time-invariant,P97.5,Capacity,AP2,Marginal,33223030
2018,Winter,Time-invariant,P97.5,Capacity,AP2,Average,33223030
2018,Winter,Time-invariant,P97.5,Capacity,EASIUR,Marginal,33223030
2018,Winter,Time-invariant,P97.5,Capacity,EASIUR,Average,33223030
2018,Coast,Intra-day,P2.5,Climate,AP2,Marginal,1055695
2018,Coast,Intra-day,P2.5,Climate,AP2,Average,1231357
2018,Coast,Intra-day,P2.5,Climate,EASIUR,Marginal,1055695
2018,Coast,Intra-day,P2.5,Climate,EASIUR,Average,1231357
2018,Coast,Intra-day,P2.5,Health,AP2,Marginal,391162.6
2018,Coast,Intra-day,P2.5,Health,AP2,Average,225004.5
2018,Coast,Intra-day,P2.5,Health,EASIUR,Marginal,203924
2018,Coast,Intra-day,P2.5,Health,EASIUR,Average,201491.4
2018,Coast,Intra-day,P2.5,Capacity,AP2,Marginal,2152750
2018,Coast,Intra-day,P2.5,Capacity,AP2,Average,2152750
2018,Coast,Intra-day,P2.5,Capacity,EASIUR,Marginal,2152750
2018,Coast,Intra-day,P2.5,Capacity,EASIUR,Average,2152750
2018,Coast,Intra-day,Mean,Climate,AP2,Marginal,3251093
2018,Coast,Intra-day,Mean,Climate,AP2,Average,3837084
2018,Coast,Intra-day,Mean,Climate,EASIUR,Marginal,3251093
2018,Coast,Intra-day,Mean,Climate,EASIUR,Average,3837084
2018,Coast,Intra-day,Mean,Health,AP2,Marginal,1223769
2018,Coast,Intra-day,Mean,Health,AP2,Average,700133.8
2018,Coast,Intra-day,Mean,Health,EASIUR,Marginal,616212.8
2018,Coast,Intra-day,Mean,Health,EASIUR,Average,626327.1
2018,Coast,Intra-day,Mean,Capacity,AP2,Marginal,4688528
2018,Coast,Intra-day,Mean,Capacity,AP2,Average,4688528
2018,Coast,Intra-day,Mean,Capacity,EASIUR,Marginal,4688528
2018,Coast,Intra-day,Mean,Capacity,EASIUR,Average,4688528
2018,Coast,Intra-day,P97.5,Climate,AP2,Marginal,5593241
2018,Coast,Intra-day,P97.5,Climate,AP2,Average,6616947
2018,Coast,Intra-day,P97.5,Climate,EASIUR,Marginal,5593241
2018,Coast,Intra-day,P97.5,Climate,EASIUR,Average,6616947
2018,Coast,Intra-day,P97.5,Health,AP2,Marginal,2111960
2018,Coast,Intra-day,P97.5,Health,AP2,Average,1207013
2018,Coast,Intra-day,P97.5,Health,EASIUR,Marginal,1056086
2018,Coast,Intra-day,P97.5,Health,EASIUR,Average,1079554
2018,Coast,Intra-day,P97.5,Capacity,AP2,Marginal,7400078
2018,Coast,Intra-day,P97.5,Capacity,AP2,Average,7400078
2018,Coast,Intra-day,P97.5,Capacity,EASIUR,Marginal,7400078
2018,Coast,Intra-day,P97.5,Capacity,EASIUR,Average,7400078
2018,Coast,Time-invariant,P2.5,Climate,AP2,Marginal,1206928
2018,Coast,Time-invariant,P2.5,Climate,AP2,Average,1433822
2018,Coast,Time-invariant,P2.5,Climate,EASIUR,Marginal,1206928
2018,Coast,Time-invariant,P2.5,Climate,EASIUR,Average,1433822
2018,Coast,Time-invariant,P2.5,Health,AP2,Marginal,458720.7
2018,Coast,Time-invariant,P2.5,Health,AP2,Average,261441.8
2018,Coast,Time-invariant,P2.5,Health,EASIUR,Marginal,226202.9
2018,Coast,Time-invariant,P2.5,Health,EASIUR,Average,233733.5
2018,Coast,Time-invariant,P2.5,Capacity,AP2,Marginal,1304360
2018,Coast,Time-invariant,P2.5,Capacity,AP2,Average,1304360
2018,Coast,Time-invariant,P2.5,Capacity,EASIUR,Marginal,1304360
2018,Coast,Time-invariant,P2.5,Capacity,EASIUR,Average,1304360
2018,Coast,Time-invariant,Mean,Climate,AP2,Marginal,3105115
2018,Coast,Time-invariant,Mean,Climate,AP2,Average,3688855
2018,Coast,Time-invariant,Mean,Climate,EASIUR,Marginal,3105115
2018,Coast,Time-invariant,Mean,Climate,EASIUR,Average,3688855
2018,Coast,Time-invariant,Mean,Health,AP2,Marginal,1180170
2018,Coast,Time-invariant,Mean,Health,AP2,Average,672622.5
2018,Coast,Time-invariant,Mean,Health,EASIUR,Marginal,581962
2018,Coast,Time-invariant,Mean,Health,EASIUR,Average,601336.3
2018,Coast,Time-invariant,Mean,Capacity,AP2,Marginal,3355784
2018,Coast,Time-invariant,Mean,Capacity,AP2,Average,3355784
2018,Coast,Time-invariant,Mean,Capacity,EASIUR,Marginal,3355784
2018,Coast,Time-invariant,Mean,Capacity,EASIUR,Average,3355784
2018,Coast,Time-invariant,P97.5,Climate,AP2,Marginal,5112274
2018,Coast,Time-invariant,P97.5,Climate,AP2,Average,6073347
2018,Coast,Time-invariant,P97.5,Climate,EASIUR,Marginal,5112274
2018,Coast,Time-invariant,P97.5,Climate,EASIUR,Average,6073347
2018,Coast,Time-invariant,P97.5,Health,AP2,Marginal,1943038
2018,Coast,Time-invariant,P97.5,Health,AP2,Average,1107408
2018,Coast,Time-invariant,P97.5,Health,EASIUR,Marginal,958144.6
2018,Coast,Time-invariant,P97.5,Health,EASIUR,Average,990042.5
2018,Coast,Time-invariant,P97.5,Capacity,AP2,Marginal,5524976
2018,Coast,Time-invariant,P97.5,Capacity,AP2,Average,5524976
2018,Coast,Time-invariant,P97.5,Capacity,EASIUR,Marginal,5524976
2018,Coast,Time-invariant,P97.5,Capacity,EASIUR,Average,5524976
2018,Hills,Intra-day,P2.5,Climate,AP2,Marginal,6856573
2018,Hills,Intra-day,P2.5,Climate,AP2,Average,8067177
2018,Hills,Intra-day,P2.5,Climate,EASIUR,Marginal,6856573
2018,Hills,Intra-day,P2.5,Climate,EASIUR,Average,8067177
2018,Hills,Intra-day,P2.5,Health,AP2,Marginal,2593881
2018,Hills,Intra-day,P2.5,Health,AP2,Average,1472562
2018,Hills,Intra-day,P2.5,Health,EASIUR,Marginal,1300890
2018,Hills,Intra-day,P2.5,Health,EASIUR,Average,1317503
2018,Hills,Intra-day,P2.5,Capacity,AP2,Marginal,9422019
2018,Hills,Intra-day,P2.5,Capacity,AP2,Average,9422019
2018,Hills,Intra-day,P2.5,Capacity,EASIUR,Marginal,9422019
2018,Hills,Intra-day,P2.5,Capacity,EASIUR,Average,9422019
2018,Hills,Intra-day,Mean,Climate,AP2,Marginal,10512163
2018,Hills,Intra-day,Mean,Climate,AP2,Average,12406958
2018,Hills,Intra-day,Mean,Climate,EASIUR,Marginal,10512163
2018,Hills,Intra-day,Mean,Climate,EASIUR,Average,12406958
2018,Hills,Intra-day,Mean,Health,AP2,Marginal,3980588
2018,Hills,Intra-day,Mean,Health,AP2,Average,2263730
2018,Hills,Intra-day,Mean,Health,EASIUR,Marginal,1987675
2018,Hills,Intra-day,Mean,Health,EASIUR,Average,2025015
2018,Hills,Intra-day,Mean,Capacity,AP2,Marginal,13690280
2018,Hills,Intra-day,Mean,Capacity,AP2,Average,13690280
2018,Hills,Intra-day,Mean,Capacity,EASIUR,Marginal,13690280
2018,Hills,Intra-day,Mean,Capacity,EASIUR,Average,13690280
2018,Hills,Intra-day,P97.5,Climate,AP2,Marginal,14346593
2018,Hills,Intra-day,P97.5,Climate,AP2,Average,16959054
2018,Hills,Intra-day,P97.5,Climate,EASIUR,Marginal,14346593
2018,Hills,Intra-day,P97.5,Climate,EASIUR,Average,16959054
2018,Hills,Intra-day,P97.5,Health,AP2,Marginal,5435040
2018,Hills,Intra-day,P97.5,Health,AP2,Average,3093600
2018,Hills,Intra-day,P97.5,Health,EASIUR,Marginal,2708088
2018,Hills,Intra-day,P97.5,Health,EASIUR,Average,2767139
2018,Hills,Intra-day,P97.5,Capacity,AP2,Marginal,18173442
2018,Hills,Intra-day,P97.5,Capacity,AP2,Average,18173442
2018,Hills,Intra-day,P97.5,Capacity,EASIUR,Marginal,18173442
2018,Hills,Intra-day,P97.5,Capacity,EASIUR,Average,18173442
2018,Hills,Time-invariant,P2.5,Climate,AP2,Marginal,7300343
2018,Hills,Time-invariant,P2.5,Climate,AP2,Average,8675946
2018,Hills,Time-invariant,P2.5,Climate,EASIUR,Marginal,7300343
2018,Hills,Time-invariant,P2.5,Climate,EASIUR,Average,8675946
2018,Hills,Time-invariant,P2.5,Health,AP2,Marginal,2774959
2018,Hills,Time-invariant,P2.5,Health,AP2,Average,1581642
2018,Hills,Time-invariant,P2.5,Health,EASIUR,Marginal,1368607
2018,Hills,Time-invariant,P2.5,Health,EASIUR,Average,1414196
2018,Hills,Time-invariant,P2.5,Capacity,AP2,Marginal,8075078
2018,Hills,Time-invariant,P2.5,Capacity,AP2,Average,8075078
2018,Hills,Time-invariant,P2.5,Capacity,EASIUR,Marginal,8075078
2018,Hills,Time-invariant,P2.5,Capacity,EASIUR,Average,8075078
2018,Hills,Time-invariant,Mean,Climate,AP2,Marginal,10160763
2018,Hills,Time-invariant,Mean,Climate,AP2,Average,12075354
2018,Hills,Time-invariant,Mean,Climate,EASIUR,Marginal,10160763
2018,Hills,Time-invariant,Mean,Climate,EASIUR,Average,12075354
2018,Hills,Time-invariant,Mean,Health,AP2,Marginal,3862243
2018,Hills,Time-invariant,Mean,Health,AP2,Average,2201360
2018,Hills,Time-invariant,Mean,Health,EASIUR,Marginal,1904854
2018,Hills,Time-invariant,Mean,Health,EASIUR,Average,1968305
2018,Hills,Time-invariant,Mean,Capacity,AP2,Marginal,11239055
2018,Hills,Time-invariant,Mean,Capacity,AP2,Average,11239055
2018,Hills,Time-invariant,Mean,Capacity,EASIUR,Marginal,11239055
2018,Hills,Time-invariant,Mean,Capacity,EASIUR,Average,11239055
2018,Hills,Time-invariant,P97.5,Climate,AP2,Marginal,13129663
2018,Hills,Time-invariant,P97.5,Climate,AP2,Average,15603684
2018,Hills,Time-invariant,P97.5,Climate,EASIUR,Marginal,13129663
2018,Hills,Time-invariant,P97.5,Climate,EASIUR,Average,15603684
2018,Hills,Time-invariant,P97.5,Health,AP2,Marginal,4990762
2018,Hills,Time-invariant,P97.5,Health,AP2,Average,2844582
2018,Hills,Time-invariant,P97.5,Health,EASIUR,Marginal,2461439
2018,Hills,Time-invariant,P97.5,Health,EASIUR,Average,2543430
2018,Hills,Time-invariant,P97.5,Capacity,AP2,Marginal,14523024
2018,Hills,Time-invariant,P97.5,Capacity,AP2,Average,14523024
2018,Hills,Time-invariant,P97.5,Capacity,EASIUR,Marginal,14523024
2018,Hills,Time-invariant,P97.5,Capacity,EASIUR,Average,14523024
2018,Valley,Intra-day,P2.5,Climate,AP2,Marginal,9994554
2018,Valley,Intra-day,P2.5,Climate,AP2,Average,11871452
2018,Valley,Intra-day,P2.5,Climate,EASIUR,Marginal,9994554
2018,Valley,Intra-day,P2.5,Climate,EASIUR,Average,11871452
2018,Valley,Intra-day,P2.5,Health,AP2,Marginal,3815080
2018,Valley,Intra-day,P2.5,Health,AP2,Average,2163748
2018,Valley,Intra-day,P2.5,Health,EASIUR,Marginal,1875387
2018,Valley,Intra-day,P2.5,Health,EASIUR,Average,1935434
2018,Valley,Intra-day,P2.5,Capacity,AP2,Marginal,11643020
2018,Valley,Intra-day,P2.5,Capacity,AP2,Average,11643020
2018,Valley,Intra-day,P2.5,Capacity,EASIUR,Marginal,11643020
2018,Valley,Intra-day,P2.5,Capacity,EASIUR,Average,11643020
2018,Valley,Intra-day,Mean,Climate,AP2,Marginal,14598039
2018,Valley,Intra-day,Mean,Climate,AP2,Average,17352432
2018,Valley,Intra-day,Mean,Climate,EASIUR,Marginal,14598039
2018,Valley,Intra-day,Mean,Climate,EASIUR,Average,17352432
2018,Valley,Intra-day,Mean,Health,AP2,Marginal,5568113
2018,Valley,Intra-day,Mean,Health,AP2,Average,3162354
2018,Valley,Intra-day,Mean,Health,EASIUR,Marginal,2737410
2018,Valley,Intra-day,Mean,Health,EASIUR,Average,2828525
2018,Valley,Intra-day,Mean,Capacity,AP2,Marginal,16963603
2018,Valley,Intra-day,Mean,Capacity,AP2,Average,16963603
2018,Valley,Intra-day,Mean,Capacity,EASIUR,Marginal,16963603
2018,Valley,Intra-day,Mean,Capacity,EASIUR,Average,16963603
2018,Valley,Intra-day,P97.5,Climate,AP2,Marginal,19363881
2018,Valley,Intra-day,P97.5,Climate,AP2,Average,23026800
2018,Valley,Intra-day,P97.5,Climate,EASIUR,Marginal,19363881
2018,Valley,Intra-day,P97.5,Climate,EASIUR,Average,23026800
2018,Valley,Intra-day,P97.5,Health,AP2,Marginal,7382939
2018,Valley,Intra-day,P97.5,Health,AP2,Average,4196187
2018,Valley,Intra-day,P97.5,Health,EASIUR,Marginal,3629846
2018,Valley,Intra-day,P97.5,Health,EASIUR,Average,3753125
2018,Valley,Intra-day,P97.5,Capacity,AP2,Marginal,22477102
2018,Valley,Intra-day,P97.5,Capacity,AP2,Average,22477102
2018,Valley,Intra-day,P97.5,Capacity,EASIUR,Marginal,22477102
2018,Valley,Intra-day,P97.5,Capacity,EASIUR,Average,22477102
2018,Valley,Time-invariant,P2.5,Climate,AP2,Marginal,10360858
2018,Valley,Time-invariant,P2.5,Climate,AP2,Average,12334328
2018,Valley,Time-invariant,P2.5,Climate,EASIUR,Marginal,10360858
2018,Valley,Time-invariant,P2.5,Climate,EASIUR,Average,12334328
2018,Valley,Time-invariant,P2.5,Health,AP2,Marginal,3947936
2018,Valley,Time-invariant,P2.5,Health,AP2,Average,2247626
2018,Valley,Time-invariant,P2.5,Health,EASIUR,Marginal,1938690
2018,Valley,Time-invariant,P2.5,Health,EASIUR,Average,2009872
2018,Valley,Time-invariant,P2.5,Capacity,AP2,Marginal,11562125
2018,Valley,Time-invariant,P2.5,Capacity,AP2,Average,11562125
2018,Valley,Time-invariant,P2.5,Capacity,EASIUR,Marginal,11562125
2018,Valley,Time-invariant,P2.5,Capacity,EASIUR,Average,11562125
2018,Valley,Time-invariant,Mean,Climate,AP2,Marginal,14373888
2018,Valley,Time-invariant,Mean,Climate,AP2,Average,17111735
2018,Valley,Time-invariant,Mean,Climate,EASIUR,Marginal,14373888
2018,Valley,Time-invariant,Mean,Climate,EASIUR,Average,17111735
2018,Valley,Time-invariant,Mean,Health,AP2,Marginal,5477075
2018,Valley,Time-invariant,Mean,Health,AP2,Average,3118191
2018,Valley,Time-invariant,Mean,Health,EASIUR,Marginal,2689596
2018,Valley,Time-invariant,Mean,Health,EASIUR,Average,2788348
2018,Valley,Time-invariant,Mean,Capacity,AP2,Marginal,16040438
2018,Valley,Time-invariant,Mean,Capacity,AP2,Average,16040438
2018,Valley,Time-invariant,Mean,Capacity,EASIUR,Marginal,16040438
2018,Valley,Time-invariant,Mean,Capacity,EASIUR,Average,16040438
2018,Valley,Time-invariant,P97.5,Climate,AP2,Marginal,18509458
2018,Valley,Time-invariant,P97.5,Climate,AP2,Average,22035021
2018,Valley,Time-invariant,P97.5,Climate,EASIUR,Marginal,18509458
2018,Valley,Time-invariant,P97.5,Climate,EASIUR,Average,22035021
2018,Valley,Time-invariant,P97.5,Health,AP2,Marginal,7052906
2018,Valley,Time-invariant,P97.5,Health,AP2,Average,4015338
2018,Valley,Time-invariant,P97.5,Health,EASIUR,Marginal,3463430
2018,Valley,Time-invariant,P97.5,Health,EASIUR,Average,3590595
2018,Valley,Time-invariant,P97.5,Capacity,AP2,Marginal,20655497
2018,Valley,Time-invariant,P97.5,Capacity,AP2,Average,20655497
2018,Valley,Time-invariant,P97.5,Capacity,EASIUR,Marginal,20655497
2018,Valley,Time-invariant,P97.5,Capacity,EASIUR,Average,20655497
2011 again,Full dataset,Intra-day,P2.5,Climate,AP2,Marginal,20511002
2011 again,Full dataset,Intra-day,P2.5,Climate,AP2,Average,28635901
2011 again,Full dataset,Intra-day,P2.5,Climate,EASIUR,Marginal,20511002
2011 again,Full dataset,Intra-day,P2.5,Climate,EASIUR,Average,28635901
2011 again,Full dataset,Intra-day,P2.5,Health,AP2,Marginal,11195260
2011 again,Full dataset,Intra-day,P2.5,Health,AP2,Average,14127394
2011 again,Full dataset,Intra-day,P2.5,Health,EASIUR,Marginal,5814890
2011 again,Full dataset,Intra-day,P2.5,Health,EASIUR,Average,8379872
2011 again,Full dataset,Intra-day,P2.5,Capacity,AP2,Marginal,27397856
2011 again,Full dataset,Intra-day,P2.5,Capacity,AP2,Average,27397856
2011 again,Full dataset,Intra-day,P2.5,Capacity,EASIUR,Marginal,27397856
2011 again,Full dataset,Intra-day,P2.5,Capacity,EASIUR,Average,27397856
2011 again,Full dataset,Intra-day,Mean,Climate,AP2,Marginal,26395403
2011 again,Full dataset,Intra-day,Mean,Climate,AP2,Average,36846313
2011 again,Full dataset,Intra-day,Mean,Climate,EASIUR,Marginal,26395403
2011 again,Full dataset,Intra-day,Mean,Climate,EASIUR,Average,36846313
2011 again,Full dataset,Intra-day,Mean,Health,AP2,Marginal,14393862
2011 again,Full dataset,Intra-day,Mean,Health,AP2,Average,18178271
2011 again,Full dataset,Intra-day,Mean,Health,EASIUR,Marginal,7487382
2011 again,Full dataset,Intra-day,Mean,Health,EASIUR,Average,10784150
2011 again,Full dataset,Intra-day,Mean,Capacity,AP2,Marginal,34632769
2011 again,Full dataset,Intra-day,Mean,Capacity,AP2,Average,34632769
2011 again,Full dataset,Intra-day,Mean,Capacity,EASIUR,Marginal,34632769
2011 again,Full dataset,Intra-day,Mean,Capacity,EASIUR,Average,34632769
2011 again,Full dataset,Intra-day,P97.5,Climate,AP2,Marginal,32433968
2011 again,Full dataset,Intra-day,P97.5,Climate,AP2,Average,45271721
2011 again,Full dataset,Intra-day,P97.5,Climate,EASIUR,Marginal,32433968
2011 again,Full dataset,Intra-day,P97.5,Climate,EASIUR,Average,45271721
2011 again,Full dataset,Intra-day,P97.5,Health,AP2,Marginal,17676407
2011 again,Full dataset,Intra-day,P97.5,Health,AP2,Average,22335238
2011 again,Full dataset,Intra-day,P97.5,Health,EASIUR,Marginal,9203646
2011 again,Full dataset,Intra-day,P97.5,Health,EASIUR,Average,13251378
2011 again,Full dataset,Intra-day,P97.5,Capacity,AP2,Marginal,42063092
2011 again,Full dataset,Intra-day,P97.5,Capacity,AP2,Average,42063092
2011 again,Full dataset,Intra-day,P97.5,Capacity,EASIUR,Marginal,42063092
2011 again,Full dataset,Intra-day,P97.5,Capacity,EASIUR,Average,42063092
2011 again,Full dataset,Time-invariant,P2.5,Climate,AP2,Marginal,20925695
2011 again,Full dataset,Time-invariant,P2.5,Climate,AP2,Average,29217603
2011 again,Full dataset,Time-invariant,P2.5,Climate,EASIUR,Marginal,20925695
2011 again,Full dataset,Time-invariant,P2.5,Climate,EASIUR,Average,29217603
2011 again,Full dataset,Time-invariant,P2.5,Health,AP2,Marginal,11344943
2011 again,Full dataset,Time-invariant,P2.5,Health,AP2,Average,14413270
2011 again,Full dataset,Time-invariant,P2.5,Health,EASIUR,Marginal,5954628
2011 again,Full dataset,Time-invariant,P2.5,Health,EASIUR,Average,8557665
2011 again,Full dataset,Time-invariant,P2.5,Capacity,AP2,Marginal,24556222
2011 again,Full dataset,Time-invariant,P2.5,Capacity,AP2,Average,24556222
2011 again,Full dataset,Time-invariant,P2.5,Capacity,EASIUR,Marginal,24556222
2011 again,Full dataset,Time-invariant,P2.5,Capacity,EASIUR,Average,24556222
2011 again,Full dataset,Time-invariant,Mean,Climate,AP2,Marginal,25928467
2011 again,Full dataset,Time-invariant,Mean,Climate,AP2,Average,36202748
2011 again,Full dataset,Time-invariant,Mean,Climate,EASIUR,Marginal,25928467
2011 again,Full dataset,Time-invariant,Mean,Climate,EASIUR,Average,36202748
2011 again,Full dataset,Time-invariant,Mean,Health,AP2,Marginal,14057215
2011 again,Full dataset,Time-invariant,Mean,Health,AP2,Average,17859096
2011 again,Full dataset,Time-invariant,Mean,Health,EASIUR,Marginal,7378220
2011 again,Full dataset,Time-invariant,Mean,Health,EASIUR,Average,10603573
2011 again,Full dataset,Time-invariant,Mean,Capacity,AP2,Marginal,30426955
2011 again,Full dataset,Time-invariant,Mean,Capacity,AP2,Average,30426955
2011 again,Full dataset,Time-invariant,Mean,Capacity,EASIUR,Marginal,30426955
2011 again,Full dataset,Time-invariant,Mean,Capacity,EASIUR,Average,30426955
2011 again,Full dataset,Time-invariant,P97.5,Climate,AP2,Marginal,31042059
2011 again,Full dataset,Time-invariant,P97.5,Climate,AP2,Average,43342625
2011 again,Full dataset,Time-invariant,P97.5,Climate,EASIUR,Marginal,31042059
2011 again,Full dataset,Time-invariant,P97.5,Climate,EASIUR,Average,43342625
2011 again,Full dataset,Time-invariant,P97.5,Health,AP2,Marginal,16829567
2011 again,Full dataset,Time-invariant,P97.5,Health,AP2,Average,21381253
2011 again,Full dataset,Time-invariant,P97.5,Health,EASIUR,Marginal,8833347
2011 again,Full dataset,Time-invariant,P97.5,Health,EASIUR,Average,12694801
2011 again,Full dataset,Time-invariant,P97.5,Capacity,AP2,Marginal,36427735
2011 again,Full dataset,Time-invariant,P97.5,Capacity,AP2,Average,36427735
2011 again,Full dataset,Time-invariant,P97.5,Capacity,EASIUR,Marginal,36427735
2011 again,Full dataset,Time-invariant,P97.5,Capacity,EASIUR,Average,36427735
2011 again,Summer,Intra-day,P2.5,Climate,AP2,Marginal,7797470
2011 again,Summer,Intra-day,P2.5,Climate,AP2,Average,11035633
2011 again,Summer,Intra-day,P2.5,Climate,EASIUR,Marginal,7797470
2011 again,Summer,Intra-day,P2.5,Climate,EASIUR,Average,11035633
2011 again,Summer,Intra-day,P2.5,Health,AP2,Marginal,4302000
2011 again,Summer,Intra-day,P2.5,Health,AP2,Average,5367414
2011 again,Summer,Intra-day,P2.5,Health,EASIUR,Marginal,2061968
2011 again,Summer,Intra-day,P2.5,Health,EASIUR,Average,3084041
2011 again,Summer,Intra-day,P2.5,Capacity,AP2,Marginal,34135110
2011 again,Summer,Intra-day,P2.5,Capacity,AP2,Average,34135110
2011 again,Summer,Intra-day,P2.5,Capacity,EASIUR,Marginal,34135110
2011 again,Summer,Intra-day,P2.5,Capacity,EASIUR,Average,34135110
2011 again,Summer,Intra-day,Mean,Climate,AP2,Marginal,10577640
2011 again,Summer,Intra-day,Mean,Climate,AP2,Average,14967809
2011 again,Summer,Intra-day,Mean,Climate,EASIUR,Marginal,10577640
2011 again,Summer,Intra-day,Mean,Climate,EASIUR,Average,14967809
2011 again,Summer,Intra-day,Mean,Health,AP2,Marginal,5826766
2011 again,Summer,Intra-day,Mean,Health,AP2,Average,7280388
2011 again,Summer,Intra-day,Mean,Health,EASIUR,Marginal,2802198
2011 again,Summer,Intra-day,Mean,Health,EASIUR,Average,4184155
2011 again,Summer,Intra-day,Mean,Capacity,AP2,Marginal,45211557
2011 again,Summer,Intra-day,Mean,Capacity,AP2,Average,45211557
2011 again,Summer,Intra-day,Mean,Capacity,EASIUR,Marginal,45211557
2011 again,Summer,Intra-day,Mean,Capacity,EASIUR,Average,45211557
2011 again,Summer,Intra-day,P97.5,Climate,AP2,Marginal,13456018
2011 again,Summer,Intra-day,P97.5,Climate,AP2,Average,19038766
2011 again,Summer,Intra-day,P97.5,Climate,EASIUR,Marginal,13456018
2011 again,Summer,Intra-day,P97.5,Climate,EASIUR,Average,19038766
2011 again,Summer,Intra-day,P97.5,Health,AP2,Marginal,7405481
2011 again,Summer,Intra-day,P97.5,Health,AP2,Average,9260887
2011 again,Summer,Intra-day,P97.5,Health,EASIUR,Marginal,3568501
2011 again,Summer,Intra-day,P97.5,Health,EASIUR,Average,5323086
2011 again,Summer,Intra-day,P97.5,Capacity,AP2,Marginal,56688065
2011 again,Summer,Intra-day,P97.5,Capacity,AP2,Average,56688065
2011 again,Summer,Intra-day,P97.5,Capacity,EASIUR,Marginal,56688065
2011 again,Summer,Intra-day,P97.5,Capacity,EASIUR,Average,56688065
2011 again,Summer,Time-invariant,P2.5,Climate,AP2,Marginal,7857855
2011 again,Summer,Time-invariant,P2.5,Climate,AP2,Average,11127912
2011 again,Summer,Time-invariant,P2.5,Climate,EASIUR,Marginal,7857855
2011 again,Summer,Time-invariant,P2.5,Climate,EASIUR,Average,11127912
2011 again,Summer,Time-invariant,P2.5,Health,AP2,Marginal,4298043
2011 again,Summer,Time-invariant,P2.5,Health,AP2,Average,5412886
2011 again,Summer,Time-invariant,P2.5,Health,EASIUR,Marginal,2100444
2011 again,Summer,Time-invariant,P2.5,Health,EASIUR,Average,3114495
2011 again,Summer,Time-invariant,P2.5,Capacity,AP2,Marginal,30079504
2011 again,Summer,Time-invariant,P2.5,Capacity,AP2,Average,30079504
2011 again,Summer,Time-invariant,P2.5,Capacity,EASIUR,Marginal,30079504
2011 again,Summer,Time-invariant,P2.5,Capacity,EASIUR,Average,30079504
2011 again,Summer,Time-invariant,Mean,Climate,AP2,Marginal,10275352
2011 again,Summer,Time-invariant,Mean,Climate,AP2,Average,14551453
2011 again,Summer,Time-invariant,Mean,Climate,EASIUR,Marginal,10275352
2011 again,Summer,Time-invariant,Mean,Climate,EASIUR,Average,14551453
2011 again,Summer,Time-invariant,Mean,Health,AP2,Marginal,5620352
2011 again,Summer,Time-invariant,Mean,Health,AP2,Average,7078180
2011 again,Summer,Time-invariant,Mean,Health,EASIUR,Marginal,2746652
2011 again,Summer,Time-invariant,Mean,Health,EASIUR,Average,4072680
2011 again,Summer,Time-invariant,Mean,Capacity,AP2,Marginal,39333569
2011 again,Summer,Time-invariant,Mean,Capacity,AP2,Average,39333569
2011 again,Summer,Time-invariant,Mean,Capacity,EASIUR,Marginal,39333569
2011 again,Summer,Time-invariant,Mean,Capacity,EASIUR,Average,39333569
2011 again,Summer,Time-invariant,P97.5,Climate,AP2,Marginal,12766776
2011 again,Summer,Time-invariant,P97.5,Climate,AP2,Average,18079686
2011 again,Summer,Time-invariant,P97.5,Climate,EASIUR,Marginal,12766776
2011 again,Summer,Time-invariant,P97.5,Climate,EASIUR,Average,18079686
2011 again,Summer,Time-invariant,P97.5,Health,AP2,Marginal,6983096
2011 again,Summer,Time-invariant,P97.5,Health,AP2,Average,8794398
2011 again,Summer,Time-invariant,P97.5,Health,EASIUR,Marginal,3412622
2011 again,Summer,Time-invariant,P97.5,Health,EASIUR,Average,5060167
2011 again,Summer,Time-invariant,P97.5,Capacity,AP2,Marginal,48870625
2011 again,Summer,Time-invariant,P97.5,Capacity,AP2,Average,48870625
2011 again,Summer,Time-invariant,P97.5,Capacity,EASIUR,Marginal,48870625
2011 again,Summer,Time-invariant,P97.5,Capacity,EASIUR,Average,48870625
2011 again,Winter,Intra-day,P2.5,Climate,AP2,Marginal,12415045
2011 again,Winter,Intra-day,P2.5,Climate,AP2,Average,17238238
2011 again,Winter,Intra-day,P2.5,Climate,EASIUR,Marginal,12415045
2011 again,Winter,Intra-day,P2.5,Climate,EASIUR,Average,17238238
2011 again,Winter,Intra-day,P2.5,Health,AP2,Marginal,7436767
2011 again,Winter,Intra-day,P2.5,Health,AP2,Average,8588652
2011 again,Winter,Intra-day,P2.5,Health,EASIUR,Marginal,4039849
2011 again,Winter,Intra-day,P2.5,Health,EASIUR,Average,5207284
2011 again,Winter,Intra-day,P2.5,Capacity,AP2,Marginal,23217581
2011 again,Winter,Intra-day,P2.5,Capacity,AP2,Average,23217581
2011 again,Winter,Intra-day,P2.5,Capacity,EASIUR,Marginal,23217581
2011 again,Winter,Intra-day,P2.5,Capacity,EASIUR,Average,23217581
2011 again,Winter,Intra-day,Mean,Climate,AP2,Marginal,16470590
2011 again,Winter,Intra-day,Mean,Climate,AP2,Average,22868200
2011 again,Winter,Intra-day,Mean,Climate,EASIUR,Marginal,16470590
2011 again,Winter,Intra-day,Mean,Climate,EASIUR,Average,22868200
2011 again,Winter,Intra-day,Mean,Health,AP2,Marginal,9863505
2011 again,Winter,Intra-day,Mean,Health,AP2,Average,11393766
2011 again,Winter,Intra-day,Mean,Health,EASIUR,Marginal,5362664
2011 again,Winter,Intra-day,Mean,Health,EASIUR,Average,6908736
2011 again,Winter,Intra-day,Mean,Capacity,AP2,Marginal,30377465
2011 again,Winter,Intra-day,Mean,Capacity,AP2,Average,30377465
2011 again,Winter,Intra-day,Mean,Capacity,EASIUR,Marginal,30377465
2011 again,Winter,Intra-day,Mean,Capacity,EASIUR,Average,30377465
2011 again,Winter,Intra-day,P97.5,Climate,AP2,Marginal,20640119
2011 again,Winter,Intra-day,P97.5,Climate,AP2,Average,28656297
2011 again,Winter,Intra-day,P97.5,Climate,EASIUR,Marginal,20640119
2011 again,Winter,Intra-day,P97.5,Climate,EASIUR,Average,28656297
2011 again,Winter,Intra-day,P97.5,Health,AP2,Marginal,12358539
2011 again,Winter,Intra-day,P97.5,Health,AP2,Average,14277685
2011 again,Winter,Intra-day,P97.5,Health,EASIUR,Marginal,6722666
2011 again,Winter,Intra-day,P97.5,Health,EASIUR,Average,8657982
2011 again,Winter,Intra-day,P97.5,Capacity,AP2,Marginal,37745638
2011 again,Winter,Intra-day,P97.5,Capacity,AP2,Average,37745638
2011 again,Winter,Intra-day,P97.5,Capacity,EASIUR,Marginal,37745638
2011 again,Winter,Intra-day,P97.5,Capacity,EASIUR,Average,37745638
2011 again,Winter,Time-invariant,P2.5,Climate,AP2,Marginal,12901205
2011 again,Winter,Time-invariant,P2.5,Climate,AP2,Average,17924552
2011 again,Winter,Time-invariant,P2.5,Climate,EASIUR,Marginal,12901205
2011 again,Winter,Time-invariant,P2.5,Climate,EASIUR,Average,17924552
2011 again,Winter,Time-invariant,P2.5,Health,AP2,Marginal,7706453
2011 again,Winter,Time-invariant,P2.5,Health,AP2,Average,8929098
2011 again,Winter,Time-invariant,P2.5,Health,EASIUR,Marginal,4207389
2011 again,Winter,Time-invariant,P2.5,Health,EASIUR,Average,5416861
2011 again,Winter,Time-invariant,P2.5,Capacity,AP2,Marginal,21719790
2011 again,Winter,Time-invariant,P2.5,Capacity,AP2,Average,21719790
2011 again,Winter,Time-invariant,P2.5,Capacity,EASIUR,Marginal,21719790
2011 again,Winter,Time-invariant,P2.5,Capacity,EASIUR,Average,21719790
2011 again,Winter,Time-invariant,Mean,Climate,AP2,Marginal,16278328
2011 again,Winter,Time-invariant,Mean,Climate,AP2,Average,22616628
2011 again,Winter,Time-invariant,Mean,Climate,EASIUR,Marginal,16278328
2011 again,Winter,Time-invariant,Mean,Climate,EASIUR,Average,22616628
2011 again,Winter,Time-invariant,Mean,Health,AP2,Marginal,9723756
2011 again,Winter,Time-invariant,Mean,Health,AP2,Average,11266451
2011 again,Winter,Time-invariant,Mean,Health,EASIUR,Marginal,5308749
2011 again,Winter,Time-invariant,Mean,Health,EASIUR,Average,6834823
2011 again,Winter,Time-invariant,Mean,Capacity,AP2,Marginal,27405338
2011 again,Winter,Time-invariant,Mean,Capacity,AP2,Average,27405338
2011 again,Winter,Time-invariant,Mean,Capacity,EASIUR,Marginal,27405338
2011 again,Winter,Time-invariant,Mean,Capacity,EASIUR,Average,27405338
2011 again,Winter,Time-invariant,P97.5,Climate,AP2,Marginal,19733944
2011 again,Winter,Time-invariant,P97.5,Climate,AP2,Average,27417757
2011 again,Winter,Time-invariant,P97.5,Climate,EASIUR,Marginal,19733944
2011 again,Winter,Time-invariant,P97.5,Climate,EASIUR,Average,27417757
2011 again,Winter,Time-invariant,P97.5,Health,AP2,Marginal,11787946
2011 again,Winter,Time-invariant,P97.5,Health,AP2,Average,13658129
2011 again,Winter,Time-invariant,P97.5,Health,EASIUR,Marginal,6435707
2011 again,Winter,Time-invariant,P97.5,Health,EASIUR,Average,8285741
2011 again,Winter,Time-invariant,P97.5,Capacity,AP2,Marginal,33223030
2011 again,Winter,Time-invariant,P97.5,Capacity,AP2,Average,33223030
2011 again,Winter,Time-invariant,P97.5,Capacity,EASIUR,Marginal,33223030
2011 again,Winter,Time-invariant,P97.5,Capacity,EASIUR,Average,33223030
2011 again,Coast,Intra-day,P2.5,Climate,AP2,Marginal,988039.4
2011 again,Coast,Intra-day,P2.5,Climate,AP2,Average,1356705
2011 again,Coast,Intra-day,P2.5,Climate,EASIUR,Marginal,988039.4
2011 again,Coast,Intra-day,P2.5,Climate,EASIUR,Average,1356705
2011 again,Coast,Intra-day,P2.5,Health,AP2,Marginal,550367.4
2011 again,Coast,Intra-day,P2.5,Health,AP2,Average,669762.8
2011 again,Coast,Intra-day,P2.5,Health,EASIUR,Marginal,280012.9
2011 again,Coast,Intra-day,P2.5,Health,EASIUR,Average,396399.2
2011 again,Coast,Intra-day,P2.5,Capacity,AP2,Marginal,2152750
2011 again,Coast,Intra-day,P2.5,Capacity,AP2,Average,2152750
2011 again,Coast,Intra-day,P2.5,Capacity,EASIUR,Marginal,2152750
2011 again,Coast,Intra-day,P2.5,Capacity,EASIUR,Average,2152750
2011 again,Coast,Intra-day,Mean,Climate,AP2,Marginal,3062086
2011 again,Coast,Intra-day,Mean,Climate,AP2,Average,4245219
2011 again,Coast,Intra-day,Mean,Climate,EASIUR,Marginal,3062086
2011 again,Coast,Intra-day,Mean,Climate,EASIUR,Average,4245219
2011 again,Coast,Intra-day,Mean,Health,AP2,Marginal,1675313
2011 again,Coast,Intra-day,Mean,Health,AP2,Average,2094687
2011 again,Coast,Intra-day,Mean,Health,EASIUR,Marginal,871669.4
2011 again,Coast,Intra-day,Mean,Health,EASIUR,Average,1242585
2011 again,Coast,Intra-day,Mean,Capacity,AP2,Marginal,4688528
2011 again,Coast,Intra-day,Mean,Capacity,AP2,Average,4688528
2011 again,Coast,Intra-day,Mean,Capacity,EASIUR,Marginal,4688528
2011 again,Coast,Intra-day,Mean,Capacity,EASIUR,Average,4688528
2011 again,Coast,Intra-day,P97.5,Climate,AP2,Marginal,5274682
2011 again,Coast,Intra-day,P97.5,Climate,AP2,Average,7326549
2011 again,Coast,Intra-day,P97.5,Climate,EASIUR,Marginal,5274682
2011 again,Coast,Intra-day,P97.5,Climate,EASIUR,Average,7326549
2011 again,Coast,Intra-day,P97.5,Health,AP2,Marginal,2875527
2011 again,Coast,Intra-day,P97.5,Health,AP2,Average,3614738
2011 again,Coast,Intra-day,P97.5,Health,EASIUR,Marginal,1502825
2011 again,Coast,Intra-day,P97.5,Health,EASIUR,Average,2145250
2011 again,Coast,Intra-day,P97.5,Capacity,AP2,Marginal,7400078
2011 again,Coast,Intra-day,P97.5,Capacity,AP2,Average,7400078
2011 again,Coast,Intra-day,P97.5,Capacity,EASIUR,Marginal,7400078
2011 again,Coast,Intra-day,P97.5,Capacity,EASIUR,Average,7400078
2011 again,Coast,Time-invariant,P2.5,Climate,AP2,Marginal,1141327
2011 again,Coast,Time-invariant,P2.5,Climate,AP2,Average,1591642
2011 again,Coast,Time-invariant,P2.5,Climate,EASIUR,Marginal,1141327
2011 again,Coast,Time-invariant,P2.5,Climate,EASIUR,Average,1591642
2011 again,Coast,Time-invariant,P2.5,Health,AP2,Marginal,617355.3
2011 again,Coast,Time-invariant,P2.5,Health,AP2,Average,785058.7
2011 again,Coast,Time-invariant,P2.5,Health,EASIUR,Marginal,325822.1
2011 again,Coast,Time-invariant,P2.5,Health,EASIUR,Average,466364.6
2011 again,Coast,Time-invariant,P2.5,Capacity,AP2,Marginal,1304360
2011 again,Coast,Time-invariant,P2.5,Capacity,AP2,Average,1304360
2011 again,Coast,Time-invariant,P2.5,Capacity,EASIUR,Marginal,1304360
2011 again,Coast,Time-invariant,P2.5,Capacity,EASIUR,Average,1304360
2011 again,Coast,Time-invariant,Mean,Climate,AP2,Marginal,2936342
2011 again,Coast,Time-invariant,Mean,Climate,AP2,Average,4094885
2011 again,Coast,Time-invariant,Mean,Climate,EASIUR,Marginal,2936342
2011 again,Coast,Time-invariant,Mean,Climate,EASIUR,Average,4094885
2011 again,Coast,Time-invariant,Mean,Health,AP2,Marginal,1588296
2011 again,Coast,Time-invariant,Mean,Health,AP2,Average,2019754
2011 again,Coast,Time-invariant,Mean,Health,EASIUR,Marginal,838256.5
2011 again,Coast,Time-invariant,Mean,Health,EASIUR,Average,1199836
2011 again,Coast,Time-invariant,Mean,Capacity,AP2,Marginal,3355784
2011 again,Coast,Time-invariant,Mean,Capacity,AP2,Average,3355784
2011 again,Coast,Time-invariant,Mean,Capacity,EASIUR,Marginal,3355784
2011 again,Coast,Time-invariant,Mean,Capacity,EASIUR,Average,3355784
2011 again,Coast,Time-invariant,P97.5,Climate,AP2,Marginal,4834406
2011 again,Coast,Time-invariant,P97.5,Climate,AP2,Average,6741836
2011 again,Coast,Time-invariant,P97.5,Climate,EASIUR,Marginal,4834406
2011 again,Coast,Time-invariant,P97.5,Climate,EASIUR,Average,6741836
2011 again,Coast,Time-invariant,P97.5,Health,AP2,Marginal,2614978
2011 again,Coast,Time-invariant,P97.5,Health,AP2,Average,3325332
2011 again,Coast,Time-invariant,P97.5,Health,EASIUR,Marginal,1380109
2011 again,Coast,Time-invariant,P97.5,Health,EASIUR,Average,1975415
2011 again,Coast,Time-invariant,P97.5,Capacity,AP2,Marginal,5524976
2011 again,Coast,Time-invariant,P97.5,Capacity,AP2,Average,5524976
2011 again,Coast,Time-invariant,P97.5,Capacity,EASIUR,Marginal,5524976
2011 again,Coast,Time-invariant,P97.5,Capacity,EASIUR,Average,5524976
2011 again,Hills,Intra-day,P2.5,Climate,AP2,Marginal,6420414
2011 again,Hills,Intra-day,P2.5,Climate,AP2,Average,8933389
2011 again,Hills,Intra-day,P2.5,Climate,EASIUR,Marginal,6420414
2011 again,Hills,Intra-day,P2.5,Climate,EASIUR,Average,8933389
2011 again,Hills,Intra-day,P2.5,Health,AP2,Marginal,3523598
2011 again,Hills,Intra-day,P2.5,Health,AP2,Average,4407175
2011 again,Hills,Intra-day,P2.5,Health,EASIUR,Marginal,1822730
2011 again,Hills,Intra-day,P2.5,Health,EASIUR,Average,2613257
2011 again,Hills,Intra-day,P2.5,Capacity,AP2,Marginal,9422019
2011 again,Hills,Intra-day,P2.5,Capacity,AP2,Average,9422019
2011 again,Hills,Intra-day,P2.5,Capacity,EASIUR,Marginal,9422019
2011 again,Hills,Intra-day,P2.5,Capacity,EASIUR,Average,9422019
2011 again,Hills,Intra-day,Mean,Climate,AP2,Marginal,9867447
2011 again,Hills,Intra-day,Mean,Climate,AP2,Average,13735146
2011 again,Hills,Intra-day,Mean,Climate,EASIUR,Marginal,9867447
2011 again,Hills,Intra-day,Mean,Climate,EASIUR,Average,13735146
2011 again,Hills,Intra-day,Mean,Health,AP2,Marginal,5397648
2011 again,Hills,Intra-day,Mean,Health,AP2,Average,6776310
2011 again,Hills,Intra-day,Mean,Health,EASIUR,Marginal,2804253
2011 again,Hills,Intra-day,Mean,Health,EASIUR,Average,4019654
2011 again,Hills,Intra-day,Mean,Capacity,AP2,Marginal,13690280
2011 again,Hills,Intra-day,Mean,Capacity,AP2,Average,13690280
2011 again,Hills,Intra-day,Mean,Capacity,EASIUR,Marginal,13690280
2011 again,Hills,Intra-day,Mean,Capacity,EASIUR,Average,13690280
2011 again,Hills,Intra-day,P97.5,Climate,AP2,Marginal,13483056
2011 again,Hills,Intra-day,P97.5,Climate,AP2,Average,18771512
2011 again,Hills,Intra-day,P97.5,Climate,EASIUR,Marginal,13483056
2011 again,Hills,Intra-day,P97.5,Climate,EASIUR,Average,18771512
2011 again,Hills,Intra-day,P97.5,Health,AP2,Marginal,7363494
2011 again,Hills,Intra-day,P97.5,Health,AP2,Average,9261214
2011 again,Hills,Intra-day,P97.5,Health,EASIUR,Marginal,3833758
2011 again,Hills,Intra-day,P97.5,Health,EASIUR,Average,5494763
2011 again,Hills,Intra-day,P97.5,Capacity,AP2,Marginal,18173442
2011 again,Hills,Intra-day,P97.5,Capacity,AP2,Average,18173442
2011 again,Hills,Intra-day,P97.5,Capacity,EASIUR,Marginal,18173442
2011 again,Hills,Intra-day,P97.5,Capacity,EASIUR,Average,18173442
2011 again,Hills,Time-invariant,P2.5,Climate,AP2,Marginal,6891528
2011 again,Hills,Time-invariant,P2.5,Climate,AP2,Average,9613281
2011 again,Hills,Time-invariant,P2.5,Climate,EASIUR,Marginal,6891528
2011 again,Hills,Time-invariant,P2.5,Climate,EASIUR,Average,9613281
2011 again,Hills,Time-invariant,P2.5,Health,AP2,Marginal,3735124
2011 again,Hills,Time-invariant,P2.5,Health,AP2,Average,4742360
2011 again,Hills,Time-invariant,P2.5,Health,EASIUR,Marginal,1963300
2011 again,Hills,Time-invariant,P2.5,Health,EASIUR,Average,2816173
2011 again,Hills,Time-invariant,P2.5,Capacity,AP2,Marginal,8075078
2011 again,Hills,Time-invariant,P2.5,Capacity,AP2,Average,8075078
2011 again,Hills,Time-invariant,P2.5,Capacity,EASIUR,Marginal,8075078
2011 again,Hills,Time-invariant,P2.5,Capacity,EASIUR,Average,8075078
2011 again,Hills,Time-invariant,Mean,Climate,AP2,Marginal,9591766
2011 again,Hills,Time-invariant,Mean,Climate,AP2,Average,13379956
2011 again,Hills,Time-invariant,Mean,Climate,EASIUR,Marginal,9591766
2011 again,Hills,Time-invariant,Mean,Climate,EASIUR,Average,13379956
2011 again,Hills,Time-invariant,Mean,Health,AP2,Marginal,5198620
2011 again,Hills,Time-invariant,Mean,Health,AP2,Average,6600511
2011 again,Hills,Time-invariant,Mean,Health,EASIUR,Marginal,2732560
2011 again,Hills,Time-invariant,Mean,Health,EASIUR,Average,3919606
2011 again,Hills,Time-invariant,Mean,Capacity,AP2,Marginal,11239055
2011 again,Hills,Time-invariant,Mean,Capacity,AP2,Average,11239055
2011 again,Hills,Time-invariant,Mean,Capacity,EASIUR,Marginal,11239055
2011 again,Hills,Time-invariant,Mean,Capacity,EASIUR,Average,11239055
2011 again,Hills,Time-invariant,P97.5,Climate,AP2,Marginal,12394410
2011 again,Hills,Time-invariant,P97.5,Climate,AP2,Average,17289482
2011 again,Hills,Time-invariant,P97.5,Climate,EASIUR,Marginal,12394410
2011 again,Hills,Time-invariant,P97.5,Climate,EASIUR,Average,17289482
2011 again,Hills,Time-invariant,P97.5,Health,AP2,Marginal,6717619
2011 again,Hills,Time-invariant,P97.5,Health,AP2,Average,8529132
2011 again,Hills,Time-invariant,P97.5,Health,EASIUR,Marginal,3530994
2011 again,Hills,Time-invariant,P97.5,Health,EASIUR,Average,5064886
2011 again,Hills,Time-invariant,P97.5,Capacity,AP2,Marginal,14523024
2011 again,Hills,Time-invariant,P97.5,Capacity,AP2,Average,14523024
2011 again,Hills,Time-invariant,P97.5,Capacity,EASIUR,Marginal,14523024
2011 again,Hills,Time-invariant,P97.5,Capacity,EASIUR,Average,14523024
2011 again,Valley,Intra-day,P2.5,Climate,AP2,Marginal,9355007
2011 again,Valley,Intra-day,P2.5,Climate,AP2,Average,13115557
2011 again,Valley,Intra-day,P2.5,Climate,EASIUR,Marginal,9355007
2011 again,Valley,Intra-day,P2.5,Climate,EASIUR,Average,13115557
2011 again,Valley,Intra-day,P2.5,Health,AP2,Marginal,5095750
2011 again,Valley,Intra-day,P2.5,Health,AP2,Average,6470449
2011 again,Valley,Intra-day,P2.5,Health,EASIUR,Marginal,2643017
2011 again,Valley,Intra-day,P2.5,Health,EASIUR,Average,3837607
2011 again,Valley,Intra-day,P2.5,Capacity,AP2,Marginal,11643020
2011 again,Valley,Intra-day,P2.5,Capacity,AP2,Average,11643020
2011 again,Valley,Intra-day,P2.5,Capacity,EASIUR,Marginal,11643020
2011 again,Valley,Intra-day,P2.5,Capacity,EASIUR,Average,11643020
2011 again,Valley,Intra-day,Mean,Climate,AP2,Marginal,13686139
2011 again,Valley,Intra-day,Mean,Climate,AP2,Average,19167947
2011 again,Valley,Intra-day,Mean,Climate,EASIUR,Marginal,13686139
2011 again,Valley,Intra-day,Mean,Climate,EASIUR,Average,19167947
2011 again,Valley,Intra-day,Mean,Health,AP2,Marginal,7451590
2011 again,Valley,Intra-day,Mean,Health,AP2,Average,9456690
2011 again,Valley,Intra-day,Mean,Health,EASIUR,Marginal,3871339
2011 again,Valley,Intra-day,Mean,Health,EASIUR,Average,5609486
2011 again,Valley,Intra-day,Mean,Capacity,AP2,Marginal,16963603
2011 again,Valley,Intra-day,Mean,Capacity,AP2,Average,16963603
2011 again,Valley,Intra-day,Mean,Capacity,EASIUR,Marginal,16963603
2011 again,Valley,Intra-day,Mean,Capacity,EASIUR,Average,16963603
2011 again,Valley,Intra-day,P97.5,Climate,AP2,Marginal,18169881
2011 again,Valley,Intra-day,P97.5,Climate,AP2,Average,25433540
2011 again,Valley,Intra-day,P97.5,Climate,EASIUR,Marginal,18169881
2011 again,Valley,Intra-day,P97.5,Climate,EASIUR,Average,25433540
2011 again,Valley,Intra-day,P97.5,Health,AP2,Marginal,9890588
2011 again,Valley,Intra-day,P97.5,Health,AP2,Average,12548140
2011 again,Valley,Intra-day,P97.5,Health,EASIUR,Marginal,5142885
2011 again,Valley,Intra-day,P97.5,Health,EASIUR,Average,7443773
2011 again,Valley,Intra-day,P97.5,Capacity,AP2,Marginal,22477102
2011 again,Valley,Intra-day,P97.5,Capacity,AP2,Average,22477102
2011 again,Valley,Intra-day,P97.5,Capacity,EASIUR,Marginal,22477102
2011 again,Valley,Intra-day,P97.5,Capacity,EASIUR,Average,22477102
2011 again,Valley,Time-invariant,P2.5,Climate,AP2,Marginal,9761994
2011 again,Valley,Time-invariant,P2.5,Climate,AP2,Average,13644666
2011 again,Valley,Time-invariant,P2.5,Climate,EASIUR,Marginal,9761994
2011 again,Valley,Time-invariant,P2.5,Climate,EASIUR,Average,13644666
2011 again,Valley,Time-invariant,P2.5,Health,AP2,Marginal,5297416
2011 again,Valley,Time-invariant,P2.5,Health,AP2,Average,6731243
2011 again,Valley,Time-invariant,P2.5,Health,EASIUR,Marginal,2772849
2011 again,Valley,Time-invariant,P2.5,Health,EASIUR,Average,3995443
2011 again,Valley,Time-invariant,P2.5,Capacity,AP2,Marginal,11562125
2011 again,Valley,Time-invariant,P2.5,Capacity,AP2,Average,11562125
2011 again,Valley,Time-invariant,P2.5,Capacity,EASIUR,Marginal,11562125
2011 again,Valley,Time-invariant,P2.5,Capacity,EASIUR,Average,11562125
2011 again,Valley,Time-invariant,Mean,Climate,AP2,Marginal,13543069
2011 again,Valley,Time-invariant,Mean,Climate,AP2,Average,18929601
2011 again,Valley,Time-invariant,Mean,Climate,EASIUR,Marginal,13543069
2011 again,Valley,Time-invariant,Mean,Climate,EASIUR,Average,18929601
2011 again,Valley,Time-invariant,Mean,Health,AP2,Marginal,7349243
2011 again,Valley,Time-invariant,Mean,Health,AP2,Average,9338429
2011 again,Valley,Time-invariant,Mean,Health,EASIUR,Marginal,3846846
2011 again,Valley,Time-invariant,Mean,Health,EASIUR,Average,5542982
2011 again,Valley,Time-invariant,Mean,Capacity,AP2,Marginal,16040438
2011 again,Valley,Time-invariant,Mean,Capacity,AP2,Average,16040438
2011 again,Valley,Time-invariant,Mean,Capacity,EASIUR,Marginal,16040438
2011 again,Valley,Time-invariant,Mean,Capacity,EASIUR,Average,16040438
2011 again,Valley,Time-invariant,P97.5,Climate,AP2,Marginal,17439600
2011 again,Valley,Time-invariant,P97.5,Climate,AP2,Average,24375912
2011 again,Valley,Time-invariant,P97.5,Climate,EASIUR,Marginal,17439600
2011 again,Valley,Time-invariant,P97.5,Climate,EASIUR,Average,24375912
2011 again,Valley,Time-invariant,P97.5,Health,AP2,Marginal,9463724
2011 again,Valley,Time-invariant,P97.5,Health,AP2,Average,12025226
2011 again,Valley,Time-invariant,P97.5,Health,EASIUR,Marginal,4953638
2011 again,Valley,Time-invariant,P97.5,Health,EASIUR,Average,7137775
2011 again,Valley,Time-invariant,P97.5,Capacity,AP2,Marginal,20655497
2011 again,Valley,Time-invariant,P97.5,Capacity,AP2,Average,20655497
2011 again,Valley,Time-invariant,P97.5,Capacity,EASIUR,Marginal,20655497
2011 again,Valley,Time-invariant,P97.5,Capacity,EASIUR,Average,20655497